Country,1990 ,1991 ,1992 ,1993 ,1994 ,1995 ,1996 ,1997 ,1998 ,1999 ,2000 ,2001 ,2002 ,2003 ,2004 ,2005 ,2006 ,2007 ,2008 ,2009 ,2010 ,2011 ,2012 ,2013 ,2014 ,2015 ,2016 ,2017 ,2018 ,2019 ,2020 ,,
Burundi,5439.00 ,5565.00 ,5686.00 ,5798.00 ,5899.00 ,5987.00 ,6060.00 ,6122.00 ,6186.00 ,6267.00 ,6379.00 ,6526.00 ,6704.00 ,6909.00 ,7132.00 ,7365.00 ,7608.00 ,7862.00 ,8126.00 ,8398.00 ,8676.00 ,8958.00 ,9246.00 ,9540.00 ,9844.00 ,10160.00 ,10488.00 ,10827.00 ,11175.00 ,11531.00 ,11891.00 ,,
Comoros,412.00 ,424.00 ,436.00 ,449.00 ,462.00 ,475.00 ,489.00 ,502.00 ,515.00 ,529.00 ,542.00 ,556.00 ,569.00 ,583.00 ,597.00 ,612.00 ,626.00 ,642.00 ,657.00 ,673.00 ,690.00 ,707.00 ,724.00 ,742.00 ,759.00 ,777.00 ,796.00 ,814.00 ,832.00 ,851.00 ,870.00 ,,
Djibouti,590.00 ,425.00 ,615.00 ,619.00 ,622.00 ,630.00 ,644.00 ,661.00 ,680.00 ,700.00 ,718.00 ,733.00 ,747.00 ,760.00 ,772.00 ,783.00 ,795.00 ,805.00 ,816.00 ,828.00 ,840.00 ,854.00 ,868.00 ,883.00 ,899.00 ,914.00 ,929.00 ,944.00 ,959.00 ,974.00 ,988.00 ,,
Eritrea,2259.00 ,426.00 ,2258.00 ,2239.00 ,2218.00 ,2204.00 ,2196.00 ,2195.00 ,2206.00 ,2237.00 ,2292.00 ,2375.00 ,2481.00 ,2601.00 ,2720.00 ,2827.00 ,2918.00 ,2997.00 ,3063.00 ,3120.00 ,3170.00 ,3214.00 ,3250.00 ,3281.00 ,3311.00 ,3343.00 ,3377.00 ,3413.00 ,3453.00 ,3497.00 ,3546.00 ,,
Ethiopia,47888.00 ,427.00 ,51424.00 ,53296.00 ,55181.00 ,57048.00 ,58884.00 ,60697.00 ,62508.00 ,64343.00 ,66225.00 ,68159.00 ,70142.00 ,72171.00 ,74240.00 ,76346.00 ,78489.00 ,80674.00 ,82916.00 ,85234.00 ,87640.00 ,90140.00 ,92727.00 ,95386.00 ,98094.00 ,100835.00 ,103603.00 ,106400.00 ,109224.00 ,112079.00 ,114964.00 ,,
Kenya,23725.00 ,428.00 ,25326.00 ,26136.00 ,26951.00 ,27768.00 ,28589.00 ,29416.00 ,30250.00 ,31099.00 ,31965.00 ,32849.00 ,33752.00 ,34679.00 ,35635.00 ,36625.00 ,37649.00 ,38706.00 ,39792.00 ,40902.00 ,42031.00 ,43178.00 ,44343.00 ,45520.00 ,46700.00 ,47878.00 ,49052.00 ,50221.00 ,51393.00 ,52574.00 ,53771.00 ,,
Madagascar,11599.00 ,429.00 ,12301.00 ,12675.00 ,13067.00 ,13475.00 ,13903.00 ,14348.00 ,14809.00 ,15283.00 ,15767.00 ,16261.00 ,16765.00 ,17279.00 ,17803.00 ,18337.00 ,18880.00 ,19434.00 ,19996.00 ,20569.00 ,21152.00 ,21744.00 ,22347.00 ,22961.00 ,23590.00 ,24234.00 ,24894.00 ,25571.00 ,26262.00 ,26969.00 ,27691.00 ,,
Malawi,9404.00 ,430.00 ,9686.00 ,9710.00 ,9746.00 ,9844.00 ,10023.00 ,10265.00 ,10552.00 ,10854.00 ,11149.00 ,11432.00 ,11714.00 ,12000.00 ,12302.00 ,12626.00 ,12974.00 ,13342.00 ,13728.00 ,14128.00 ,14540.00 ,14962.00 ,15396.00 ,15839.00 ,16290.00 ,16745.00 ,17205.00 ,17670.00 ,18143.00 ,18629.00 ,19130.00 ,,
Mauritius,1056.00 ,431.00 ,1083.00 ,1099.00 ,1114.00 ,1129.00 ,1142.00 ,1154.00 ,1165.00 ,1176.00 ,1185.00 ,1194.00 ,1202.00 ,1209.00 ,1216.00 ,1222.00 ,1228.00 ,1234.00 ,1239.00 ,1244.00 ,1248.00 ,1251.00 ,1253.00 ,1255.00 ,1257.00 ,1259.00 ,1262.00 ,1264.00 ,1267.00 ,1270.00 ,1272.00 ,,
Mayotte,95.00 ,432.00 ,106.00 ,112.00 ,117.00 ,123.00 ,129.00 ,134.00 ,140.00 ,145.00 ,150.00 ,156.00 ,161.00 ,167.00 ,172.00 ,178.00 ,184.00 ,190.00 ,196.00 ,202.00 ,209.00 ,215.00 ,221.00 ,227.00 ,234.00 ,240.00 ,246.00 ,253.00 ,260.00 ,266.00 ,273.00 ,,
Mozambique,12987.00 ,433.00 ,13806.00 ,14371.00 ,14948.00 ,15483.00 ,15960.00 ,16397.00 ,16814.00 ,17244.00 ,17712.00 ,18222.00 ,18764.00 ,19331.00 ,19911.00 ,20494.00 ,21080.00 ,21673.00 ,22277.00 ,22895.00 ,23532.00 ,24188.00 ,24863.00 ,25561.00 ,26286.00 ,27042.00 ,27830.00 ,28649.00 ,29496.00 ,30366.00 ,31255.00 ,,
Réunion,611.00 ,434.00 ,635.00 ,648.00 ,661.00 ,674.00 ,686.00 ,699.00 ,712.00 ,724.00 ,737.00 ,749.00 ,760.00 ,771.00 ,782.00 ,792.00 ,801.00 ,809.00 ,816.00 ,824.00 ,831.00 ,837.00 ,844.00 ,851.00 ,857.00 ,863.00 ,870.00 ,876.00 ,883.00 ,889.00 ,895.00 ,,
Rwanda,7289.00 ,435.00 ,6702.00 ,6264.00 ,5936.00 ,5836.00 ,6013.00 ,6420.00 ,6963.00 ,7501.00 ,7934.00 ,8231.00 ,8427.00 ,8557.00 ,8681.00 ,8840.00 ,9043.00 ,9274.00 ,9525.00 ,9783.00 ,10039.00 ,10293.00 ,10550.00 ,10812.00 ,11084.00 ,11369.00 ,11669.00 ,11981.00 ,12302.00 ,12627.00 ,12952.00 ,,
Seychelles,71.00 ,436.00 ,73.00 ,74.00 ,75.00 ,77.00 ,78.00 ,78.00 ,79.00 ,80.00 ,81.00 ,82.00 ,84.00 ,86.00 ,87.00 ,89.00 ,90.00 ,90.00 ,90.00 ,91.00 ,91.00 ,92.00 ,93.00 ,93.00 ,94.00 ,95.00 ,96.00 ,96.00 ,97.00 ,98.00 ,98.00 ,,
Somalia,7225.00 ,437.00 ,7295.00 ,7316.00 ,7373.00 ,7492.00 ,7683.00 ,7936.00 ,8235.00 ,8554.00 ,8872.00 ,9187.00 ,9501.00 ,9815.00 ,10130.00 ,10447.00 ,10764.00 ,11080.00 ,11397.00 ,11718.00 ,12044.00 ,12376.00 ,12715.00 ,13064.00 ,13424.00 ,13797.00 ,14186.00 ,14589.00 ,15008.00 ,15443.00 ,15893.00 ,,
SouthSudan,5493.00 ,438.00 ,5305.00 ,5186.00 ,5111.00 ,5118.00 ,5222.00 ,5412.00 ,5662.00 ,5934.00 ,6199.00 ,6448.00 ,6688.00 ,6936.00 ,7213.00 ,7536.00 ,7907.00 ,8315.00 ,8737.00 ,9142.00 ,9508.00 ,9831.00 ,10114.00 ,10355.00 ,10555.00 ,10716.00 ,10833.00 ,10911.00 ,10976.00 ,11062.00 ,11194.00 ,,
Uganda,17354.00 ,439.00 ,18562.00 ,19176.00 ,19794.00 ,20413.00 ,21033.00 ,21655.00 ,22291.00 ,22952.00 ,23650.00 ,24389.00 ,25167.00 ,25981.00 ,26821.00 ,27685.00 ,28571.00 ,29486.00 ,30432.00 ,31411.00 ,32428.00 ,33477.00 ,34559.00 ,35695.00 ,36912.00 ,38225.00 ,39649.00 ,41167.00 ,42729.00 ,44270.00 ,45741.00 ,,
UnitedRepublicofTanzania,25204.00 ,440.00 ,26961.00 ,27887.00 ,28793.00 ,29649.00 ,30445.00 ,31193.00 ,31924.00 ,32682.00 ,33499.00 ,34386.00 ,35335.00 ,36338.00 ,37380.00 ,38450.00 ,39549.00 ,40681.00 ,41854.00 ,43074.00 ,44347.00 ,45674.00 ,47053.00 ,48483.00 ,49961.00 ,51483.00 ,53049.00 ,54660.00 ,56313.00 ,58005.00 ,59734.00 ,,
Zambia,8037.00 ,441.00 ,8451.00 ,8656.00 ,8870.00 ,9097.00 ,9340.00 ,9598.00 ,9866.00 ,10141.00 ,10416.00 ,10692.00 ,10972.00 ,11257.00 ,11551.00 ,11856.00 ,12174.00 ,12503.00 ,12849.00 ,13215.00 ,13606.00 ,14023.00 ,14465.00 ,14927.00 ,15400.00 ,15879.00 ,16363.00 ,16854.00 ,17352.00 ,17861.00 ,18384.00 ,,
Zimbabwe,10432.00 ,442.00 ,10901.00 ,11093.00 ,11262.00 ,11411.00 ,11541.00 ,11653.00 ,11747.00 ,11823.00 ,11881.00 ,11924.00 ,11954.00 ,11982.00 ,12020.00 ,12077.00 ,12155.00 ,12256.00 ,12380.00 ,12527.00 ,12698.00 ,12894.00 ,13115.00 ,13350.00 ,13587.00 ,13815.00 ,14030.00 ,14237.00 ,14439.00 ,14645.00 ,14863.00 ,,
Angola,11848.00 ,443.00 ,12657.00 ,13075.00 ,13504.00 ,13945.00 ,14401.00 ,14872.00 ,15360.00 ,15867.00 ,16395.00 ,16946.00 ,17519.00 ,18121.00 ,18758.00 ,19434.00 ,20150.00 ,20905.00 ,21696.00 ,22514.00 ,23356.00 ,24221.00 ,25108.00 ,26016.00 ,26942.00 ,27884.00 ,28842.00 ,29817.00 ,30810.00 ,31825.00 ,32866.00 ,,
Cameroon,11780.00 ,444.00 ,12499.00 ,12864.00 ,13231.00 ,13600.00 ,13971.00 ,14344.00 ,14724.00 ,15113.00 ,15514.00 ,15929.00 ,16358.00 ,16801.00 ,17259.00 ,17733.00 ,18224.00 ,18730.00 ,19253.00 ,19790.00 ,20341.00 ,20906.00 ,21485.00 ,22077.00 ,22682.00 ,23298.00 ,23927.00 ,24566.00 ,25216.00 ,25876.00 ,26546.00 ,,
CentralAfricanRepublic,2807.00 ,445.00 ,2959.00 ,3046.00 ,3135.00 ,3223.00 ,3308.00 ,3392.00 ,3475.00 ,3558.00 ,3640.00 ,3722.00 ,3802.00 ,3881.00 ,3960.00 ,4038.00 ,4118.00 ,4198.00 ,4273.00 ,4338.00 ,4387.00 ,4419.00 ,4436.00 ,4448.00 ,4464.00 ,4493.00 ,4538.00 ,4596.00 ,4666.00 ,4745.00 ,4830.00 ,,
Chad,5963.00 ,446.00 ,6357.00 ,6564.00 ,6781.00 ,7010.00 ,7251.00 ,7503.00 ,7770.00 ,8054.00 ,8356.00 ,8678.00 ,9019.00 ,9374.00 ,9735.00 ,10097.00 ,10457.00 ,10818.00 ,11184.00 ,11560.00 ,11952.00 ,12361.00 ,12785.00 ,13220.00 ,13664.00 ,14111.00 ,14562.00 ,15017.00 ,15478.00 ,15947.00 ,16426.00 ,,
Congo,2357.00 ,447.00 ,2490.00 ,2560.00 ,2632.00 ,2708.00 ,2786.00 ,2867.00 ,2952.00 ,3038.00 ,3127.00 ,3218.00 ,3310.00 ,3407.00 ,3510.00 ,3623.00 ,3745.00 ,3876.00 ,4011.00 ,4145.00 ,4274.00 ,4395.00 ,4510.00 ,4623.00 ,4737.00 ,4856.00 ,4981.00 ,5111.00 ,5244.00 ,5381.00 ,5518.00 ,,
DemocraticRepublicoftheCongo,34612.00 ,448.00 ,37334.00 ,38816.00 ,40253.00 ,41576.00 ,42757.00 ,43827.00 ,44850.00 ,45920.00 ,47106.00 ,48429.00 ,49872.00 ,51426.00 ,53069.00 ,54786.00 ,56578.00 ,58454.00 ,60411.00 ,62449.00 ,64564.00 ,66755.00 ,69021.00 ,71359.00 ,73767.00 ,76245.00 ,78789.00 ,81399.00 ,84068.00 ,86791.00 ,89561.00 ,,
EquatorialGuinea,419.00 ,449.00 ,447.00 ,463.00 ,479.00 ,497.00 ,516.00 ,536.00 ,558.00 ,582.00 ,606.00 ,632.00 ,658.00 ,687.00 ,717.00 ,750.00 ,784.00 ,822.00 ,861.00 ,902.00 ,944.00 ,987.00 ,1031.00 ,1076.00 ,1122.00 ,1169.00 ,1215.00 ,1262.00 ,1309.00 ,1356.00 ,1403.00 ,,
Gabon,949.00 ,450.00 ,1003.00 ,1030.00 ,1057.00 ,1085.00 ,1113.00 ,1141.00 ,1170.00 ,1199.00 ,1228.00 ,1258.00 ,1288.00 ,1320.00 ,1354.00 ,1391.00 ,1430.00 ,1473.00 ,1519.00 ,1569.00 ,1624.00 ,1685.00 ,1750.00 ,1817.00 ,1884.00 ,1948.00 ,2008.00 ,2065.00 ,2119.00 ,2173.00 ,2226.00 ,,
SaoTomeandPrincipe,119.00 ,451.00 ,125.00 ,127.00 ,129.00 ,132.00 ,134.00 ,136.00 ,138.00 ,140.00 ,142.00 ,145.00 ,147.00 ,150.00 ,154.00 ,157.00 ,162.00 ,166.00 ,171.00 ,176.00 ,180.00 ,185.00 ,188.00 ,192.00 ,196.00 ,199.00 ,203.00 ,207.00 ,211.00 ,215.00 ,219.00 ,,
Botswana,1287.00 ,452.00 ,1364.00 ,1399.00 ,1434.00 ,1469.00 ,1505.00 ,1540.00 ,1576.00 ,1610.00 ,1643.00 ,1675.00 ,1705.00 ,1734.00 ,1766.00 ,1799.00 ,1836.00 ,1875.00 ,1916.00 ,1953.00 ,1987.00 ,2015.00 ,2040.00 ,2063.00 ,2089.00 ,2121.00 ,2160.00 ,2205.00 ,2254.00 ,2304.00 ,2352.00 ,,
Eswatini,822.00 ,453.00 ,867.00 ,888.00 ,908.00 ,927.00 ,946.00 ,963.00 ,980.00 ,994.00 ,1005.00 ,1014.00 ,1019.00 ,1023.00 ,1026.00 ,1031.00 ,1036.00 ,1043.00 ,1050.00 ,1057.00 ,1065.00 ,1072.00 ,1079.00 ,1087.00 ,1095.00 ,1104.00 ,1114.00 ,1125.00 ,1136.00 ,1148.00 ,1160.00 ,,
Lesotho,1704.00 ,454.00 ,1782.00 ,1822.00 ,1861.00 ,1899.00 ,1934.00 ,1968.00 ,1998.00 ,2020.00 ,2033.00 ,2036.00 ,2030.00 ,2018.00 ,2006.00 ,1996.00 ,1990.00 ,1987.00 ,1987.00 ,1990.00 ,1996.00 ,2004.00 ,2015.00 ,2029.00 ,2043.00 ,2059.00 ,2075.00 ,2092.00 ,2108.00 ,2125.00 ,2142.00 ,,
Namibia,1433.00 ,455.00 ,1517.00 ,1555.00 ,1592.00 ,1628.00 ,1663.00 ,1698.00 ,1732.00 ,1764.00 ,1795.00 ,1824.00 ,1852.00 ,1879.00 ,1908.00 ,1938.00 ,1971.00 ,2007.00 ,2043.00 ,2081.00 ,2119.00 ,2157.00 ,2195.00 ,2234.00 ,2273.00 ,2315.00 ,2358.00 ,2403.00 ,2448.00 ,2495.00 ,2541.00 ,,
SouthAfrica,36801.00 ,456.00 ,38673.00 ,39634.00 ,40564.00 ,41436.00 ,42241.00 ,42987.00 ,43682.00 ,44339.00 ,44968.00 ,45571.00 ,46151.00 ,46719.00 ,47292.00 ,47881.00 ,48489.00 ,49120.00 ,49779.00 ,50477.00 ,51217.00 ,52004.00 ,52833.00 ,53687.00 ,54544.00 ,55386.00 ,56208.00 ,57010.00 ,57793.00 ,58558.00 ,59309.00 ,,
Benin,4978.00 ,457.00 ,5332.00 ,5522.00 ,5714.00 ,5906.00 ,6094.00 ,6282.00 ,6470.00 ,6664.00 ,6866.00 ,7077.00 ,7295.00 ,7521.00 ,7750.00 ,7982.00 ,8217.00 ,8455.00 ,8697.00 ,8945.00 ,9199.00 ,9461.00 ,9729.00 ,10005.00 ,10287.00 ,10576.00 ,10872.00 ,11175.00 ,11485.00 ,11801.00 ,12123.00 ,,
BurkinaFaso,8811.00 ,458.00 ,9297.00 ,9552.00 ,9817.00 ,10090.00 ,10373.00 ,10666.00 ,10969.00 ,11283.00 ,11608.00 ,11945.00 ,12293.00 ,12655.00 ,13031.00 ,13422.00 ,13829.00 ,14252.00 ,14690.00 ,15141.00 ,15605.00 ,16082.00 ,16571.00 ,17073.00 ,17586.00 ,18111.00 ,18646.00 ,19193.00 ,19751.00 ,20321.00 ,20903.00 ,,
CaboVerde,338.00 ,459.00 ,356.00 ,366.00 ,376.00 ,386.00 ,396.00 ,404.00 ,413.00 ,420.00 ,428.00 ,436.00 ,443.00 ,450.00 ,457.00 ,463.00 ,469.00 ,475.00 ,481.00 ,487.00 ,493.00 ,499.00 ,505.00 ,512.00 ,518.00 ,525.00 ,531.00 ,537.00 ,544.00 ,550.00 ,556.00 ,,
C?ted'Ivoire,11925.00 ,460.00 ,12812.00 ,13272.00 ,13735.00 ,14200.00 ,14665.00 ,15131.00 ,15589.00 ,16033.00 ,16455.00 ,16853.00 ,17232.00 ,17600.00 ,17970.00 ,18355.00 ,18755.00 ,19171.00 ,19606.00 ,20059.00 ,20533.00 ,21029.00 ,21547.00 ,22088.00 ,22648.00 ,23226.00 ,23823.00 ,24437.00 ,25069.00 ,25717.00 ,26378.00 ,,
Gambia,956.00 ,461.00 ,1027.00 ,1061.00 ,1094.00 ,1129.00 ,1164.00 ,1201.00 ,1238.00 ,1277.00 ,1318.00 ,1360.00 ,1404.00 ,1450.00 ,1497.00 ,1544.00 ,1591.00 ,1640.00 ,1689.00 ,1740.00 ,1793.00 ,1848.00 ,1905.00 ,1964.00 ,2024.00 ,2086.00 ,2149.00 ,2214.00 ,2280.00 ,2348.00 ,2417.00 ,,
Ghana,14773.00 ,462.00 ,15653.00 ,16107.00 ,16562.00 ,17014.00 ,17463.00 ,17909.00 ,18357.00 ,18812.00 ,19279.00 ,19757.00 ,20246.00 ,20750.00 ,21272.00 ,21815.00 ,22379.00 ,22964.00 ,23564.00 ,24171.00 ,24780.00 ,25388.00 ,25996.00 ,26608.00 ,27224.00 ,27849.00 ,28482.00 ,29121.00 ,29767.00 ,30418.00 ,31073.00 ,,
Guinea,6352.00 ,463.00 ,6716.00 ,6897.00 ,7081.00 ,7270.00 ,7464.00 ,7662.00 ,7861.00 ,8055.00 ,8241.00 ,8417.00 ,8586.00 ,8753.00 ,8926.00 ,9110.00 ,9307.00 ,9518.00 ,9739.00 ,9964.00 ,10192.00 ,10420.00 ,10652.00 ,10893.00 ,11151.00 ,11432.00 ,11738.00 ,12068.00 ,12414.00 ,12771.00 ,13133.00 ,,
Guinea-Bissau,975.00 ,464.00 ,1020.00 ,1043.00 ,1066.00 ,1089.00 ,1111.00 ,1133.00 ,1154.00 ,1177.00 ,1201.00 ,1227.00 ,1254.00 ,1283.00 ,1313.00 ,1345.00 ,1378.00 ,1412.00 ,1447.00 ,1484.00 ,1523.00 ,1563.00 ,1605.00 ,1648.00 ,1692.00 ,1737.00 ,1782.00 ,1828.00 ,1874.00 ,1921.00 ,1968.00 ,,
Liberia,2076.00 ,465.00 ,2002.00 ,1977.00 ,1986.00 ,2045.00 ,2160.00 ,2326.00 ,2517.00 ,2700.00 ,2848.00 ,2954.00 ,3025.00 ,3077.00 ,3136.00 ,3218.00 ,3329.00 ,3462.00 ,3608.00 ,3754.00 ,3891.00 ,4017.00 ,4136.00 ,4248.00 ,4360.00 ,4472.00 ,4587.00 ,4702.00 ,4819.00 ,4937.00 ,5058.00 ,,
Mali,8450.00 ,466.00 ,8850.00 ,9087.00 ,9335.00 ,9586.00 ,9838.00 ,10094.00 ,10361.00 ,10643.00 ,10946.00 ,11272.00 ,11617.00 ,11983.00 ,12369.00 ,12776.00 ,13203.00 ,13651.00 ,14114.00 ,14581.00 ,15049.00 ,15515.00 ,15979.00 ,16450.00 ,16934.00 ,17439.00 ,17965.00 ,18512.00 ,19078.00 ,19658.00 ,20251.00 ,,
Mauritania,2034.00 ,467.00 ,2143.00 ,2199.00 ,2256.00 ,2314.00 ,2373.00 ,2434.00 ,2496.00 ,2562.00 ,2630.00 ,2702.00 ,2778.00 ,2857.00 ,2939.00 ,3024.00 ,3112.00 ,3203.00 ,3296.00 ,3393.00 ,3494.00 ,3599.00 ,3707.00 ,3817.00 ,3931.00 ,4046.00 ,4164.00 ,4283.00 ,4403.00 ,4526.00 ,4650.00 ,,
Niger,8027.00 ,468.00 ,8567.00 ,8860.00 ,9168.00 ,9490.00 ,9827.00 ,10178.00 ,10546.00 ,10930.00 ,11332.00 ,11751.00 ,12190.00 ,12648.00 ,13126.00 ,13624.00 ,14144.00 ,14685.00 ,15251.00 ,15843.00 ,16464.00 ,17115.00 ,17795.00 ,18504.00 ,19240.00 ,20002.00 ,20789.00 ,21602.00 ,22443.00 ,23311.00 ,24207.00 ,,
Nigeria,95212.00 ,469.00 ,100162.00 ,102701.00 ,105294.00 ,107948.00 ,110669.00 ,113458.00 ,116320.00 ,119260.00 ,122284.00 ,125394.00 ,128596.00 ,131901.00 ,135320.00 ,138865.00 ,142538.00 ,146340.00 ,150270.00 ,154325.00 ,158503.00 ,162805.00 ,167229.00 ,171766.00 ,176405.00 ,181137.00 ,185960.00 ,190873.00 ,195875.00 ,200964.00 ,206140.00 ,,
SaintHelena,7.00 ,470.00 ,6.00 ,6.00 ,6.00 ,6.00 ,6.00 ,6.00 ,6.00 ,6.00 ,6.00 ,6.00 ,6.00 ,6.00 ,5.00 ,5.00 ,5.00 ,5.00 ,5.00 ,5.00 ,5.00 ,5.00 ,5.00 ,6.00 ,6.00 ,6.00 ,6.00 ,6.00 ,6.00 ,6.00 ,6.00 ,,
Senegal,7526.00 ,471.00 ,7990.00 ,8227.00 ,8461.00 ,8690.00 ,8913.00 ,9131.00 ,9348.00 ,9569.00 ,9798.00 ,10036.00 ,10284.00 ,10541.00 ,10810.00 ,11090.00 ,11382.00 ,11687.00 ,12005.00 ,12335.00 ,12678.00 ,13034.00 ,13402.00 ,13782.00 ,14175.00 ,14578.00 ,14994.00 ,15419.00 ,15854.00 ,16296.00 ,16744.00 ,,
SierraLeone,4320.00 ,472.00 ,4348.00 ,4329.00 ,4310.00 ,4304.00 ,4313.00 ,4335.00 ,4381.00 ,4462.00 ,4585.00 ,4754.00 ,4966.00 ,5201.00 ,5434.00 ,5646.00 ,5829.00 ,5990.00 ,6134.00 ,6273.00 ,6416.00 ,6563.00 ,6713.00 ,6864.00 ,7017.00 ,7172.00 ,7329.00 ,7488.00 ,7650.00 ,7813.00 ,7977.00 ,,
Togo,3774.00 ,473.00 ,3946.00 ,4029.00 ,4121.00 ,4226.00 ,4349.00 ,4486.00 ,4632.00 ,4780.00 ,4924.00 ,5063.00 ,5197.00 ,5331.00 ,5468.00 ,5612.00 ,5763.00 ,5920.00 ,6083.00 ,6251.00 ,6422.00 ,6596.00 ,6774.00 ,6955.00 ,7138.00 ,7323.00 ,7510.00 ,7698.00 ,7889.00 ,8082.00 ,8279.00 ,,
Algeria,25759.00 ,474.00 ,27028.00 ,27636.00 ,28214.00 ,28758.00 ,29266.00 ,29743.00 ,30193.00 ,30623.00 ,31042.00 ,31452.00 ,31855.00 ,32264.00 ,32692.00 ,33150.00 ,33641.00 ,34167.00 ,34731.00 ,35334.00 ,35977.00 ,36661.00 ,37384.00 ,38140.00 ,38924.00 ,39728.00 ,40551.00 ,41389.00 ,42228.00 ,43053.00 ,43851.00 ,,
Egypt,56134.00 ,475.00 ,58667.00 ,59881.00 ,61096.00 ,62334.00 ,63602.00 ,64892.00 ,66200.00 ,67516.00 ,68832.00 ,70153.00 ,71485.00 ,72826.00 ,74172.00 ,75524.00 ,76874.00 ,78232.00 ,79636.00 ,81135.00 ,82761.00 ,84529.00 ,86422.00 ,88405.00 ,90425.00 ,92443.00 ,94447.00 ,96443.00 ,98424.00 ,100388.00 ,102334.00 ,,
Libya,4437.00 ,476.00 ,4651.00 ,4755.00 ,4855.00 ,4949.00 ,5036.00 ,5118.00 ,5197.00 ,5276.00 ,5358.00 ,5443.00 ,5531.00 ,5621.00 ,5710.00 ,5799.00 ,5887.00 ,5975.00 ,6059.00 ,6134.00 ,6198.00 ,6247.00 ,6286.00 ,6320.00 ,6362.00 ,6418.00 ,6492.00 ,6581.00 ,6679.00 ,6777.00 ,6871.00 ,,
Morocco,24807.00 ,477.00 ,25711.00 ,26155.00 ,26584.00 ,26994.00 ,27383.00 ,27755.00 ,28110.00 ,28456.00 ,28794.00 ,29126.00 ,29455.00 ,29783.00 ,30115.00 ,30456.00 ,30805.00 ,31164.00 ,31537.00 ,31929.00 ,32343.00 ,32782.00 ,33242.00 ,33716.00 ,34192.00 ,34664.00 ,35126.00 ,35581.00 ,36029.00 ,36472.00 ,36911.00 ,,
Sudan,20148.00 ,478.00 ,21696.00 ,22528.00 ,23338.00 ,24095.00 ,24782.00 ,25414.00 ,26016.00 ,26627.00 ,27275.00 ,27971.00 ,28705.00 ,29461.00 ,30214.00 ,30950.00 ,31662.00 ,32361.00 ,33061.00 ,33784.00 ,34545.00 ,35350.00 ,36194.00 ,37073.00 ,37978.00 ,38903.00 ,39847.00 ,40813.00 ,41802.00 ,42813.00 ,43849.00 ,,
Tunisia,8243.00 ,479.00 ,8614.00 ,8796.00 ,8968.00 ,9125.00 ,9267.00 ,9395.00 ,9510.00 ,9614.00 ,9708.00 ,9794.00 ,9871.00 ,9945.00 ,10022.00 ,10107.00 ,10201.00 ,10305.00 ,10414.00 ,10526.00 ,10635.00 ,10742.00 ,10847.00 ,10953.00 ,11063.00 ,11180.00 ,11304.00 ,11433.00 ,11565.00 ,11695.00 ,11819.00 ,,
WesternSahara,217.00 ,480.00 ,232.00 ,239.00 ,247.00 ,256.00 ,264.00 ,273.00 ,283.00 ,297.00 ,314.00 ,337.00 ,363.00 ,391.00 ,417.00 ,438.00 ,452.00 ,462.00 ,469.00 ,474.00 ,480.00 ,488.00 ,496.00 ,505.00 ,515.00 ,526.00 ,539.00 ,553.00 ,567.00 ,582.00 ,597.00 ,,
Armenia,3538.00 ,481.00 ,3443.00 ,3363.00 ,3284.00 ,3217.00 ,3168.00 ,3133.00 ,3109.00 ,3089.00 ,3070.00 ,3051.00 ,3034.00 ,3018.00 ,3001.00 ,2981.00 ,2958.00 ,2933.00 ,2908.00 ,2888.00 ,2877.00 ,2877.00 ,2884.00 ,2898.00 ,2912.00 ,2926.00 ,2936.00 ,2945.00 ,2952.00 ,2958.00 ,2963.00 ,,
Azerbaijan,7243.00 ,482.00 ,7472.00 ,7582.00 ,7684.00 ,7775.00 ,7856.00 ,7926.00 ,7990.00 ,8054.00 ,8123.00 ,8197.00 ,8277.00 ,8361.00 ,8449.00 ,8539.00 ,8630.00 ,8724.00 ,8822.00 ,8924.00 ,9032.00 ,9146.00 ,9265.00 ,9385.00 ,9506.00 ,9623.00 ,9736.00 ,9845.00 ,9950.00 ,10048.00 ,10139.00 ,,
Bahrain,496.00 ,483.00 ,523.00 ,536.00 ,550.00 ,564.00 ,579.00 ,595.00 ,614.00 ,637.00 ,665.00 ,698.00 ,735.00 ,779.00 ,830.00 ,889.00 ,958.00 ,1036.00 ,1115.00 ,1185.00 ,1241.00 ,1278.00 ,1300.00 ,1315.00 ,1336.00 ,1372.00 ,1426.00 ,1494.00 ,1569.00 ,1641.00 ,1702.00 ,,
Cyprus,767.00 ,484.00 ,801.00 ,819.00 ,837.00 ,855.00 ,873.00 ,891.00 ,909.00 ,926.00 ,943.00 ,960.00 ,977.00 ,994.00 ,1010.00 ,1028.00 ,1046.00 ,1064.00 ,1082.00 ,1098.00 ,1113.00 ,1125.00 ,1135.00 ,1144.00 ,1152.00 ,1161.00 ,1170.00 ,1180.00 ,1189.00 ,1199.00 ,1207.00 ,,
Georgia,5410.00 ,485.00 ,5304.00 ,5209.00 ,5097.00 ,4976.00 ,4847.00 ,4710.00 ,4575.00 ,4457.00 ,4362.00 ,4297.00 ,4259.00 ,4239.00 ,4226.00 ,4210.00 ,4190.00 ,4167.00 ,4143.00 ,4119.00 ,4099.00 ,4081.00 ,4064.00 ,4049.00 ,4035.00 ,4024.00 ,4015.00 ,4009.00 ,4003.00 ,3997.00 ,3989.00 ,,
Iraq,17419.00 ,486.00 ,18403.00 ,18955.00 ,19539.00 ,20149.00 ,20783.00 ,21440.00 ,22114.00 ,22802.00 ,23498.00 ,24208.00 ,24932.00 ,25645.00 ,26314.00 ,26922.00 ,27448.00 ,27911.00 ,28386.00 ,28973.00 ,29742.00 ,30725.00 ,31890.00 ,33157.00 ,34412.00 ,35572.00 ,36611.00 ,37553.00 ,38434.00 ,39310.00 ,40223.00 ,,
Israel,4448.00 ,487.00 ,4753.00 ,4929.00 ,5106.00 ,5271.00 ,5424.00 ,5567.00 ,5699.00 ,5825.00 ,5946.00 ,6061.00 ,6169.00 ,6278.00 ,6397.00 ,6529.00 ,6681.00 ,6847.00 ,7021.00 ,7190.00 ,7346.00 ,7487.00 ,7615.00 ,7735.00 ,7854.00 ,7978.00 ,8109.00 ,8244.00 ,8382.00 ,8519.00 ,8656.00 ,,
Jordan,3566.00 ,488.00 ,3978.00 ,4202.00 ,4410.00 ,4589.00 ,4733.00 ,4849.00 ,4944.00 ,5032.00 ,5122.00 ,5217.00 ,5318.00 ,5434.00 ,5580.00 ,5766.00 ,5992.00 ,6255.00 ,6556.00 ,6893.00 ,7262.00 ,7663.00 ,8090.00 ,8519.00 ,8919.00 ,9267.00 ,9554.00 ,9786.00 ,9965.00 ,10102.00 ,10203.00 ,,
Kuwait,2095.00 ,489.00 ,1912.00 ,1773.00 ,1659.00 ,1606.00 ,1627.00 ,1710.00 ,1831.00 ,1952.00 ,2045.00 ,2103.00 ,2137.00 ,2162.00 ,2200.00 ,2270.00 ,2374.00 ,2504.00 ,2656.00 ,2821.00 ,2992.00 ,3168.00 ,3349.00 ,3526.00 ,3691.00 ,3836.00 ,3957.00 ,4056.00 ,4137.00 ,4207.00 ,4271.00 ,,
Lebanon,2803.00 ,490.00 ,3076.00 ,3246.00 ,3403.00 ,3528.00 ,3611.00 ,3658.00 ,3694.00 ,3748.00 ,3843.00 ,3991.00 ,4182.00 ,4388.00 ,4569.00 ,4699.00 ,4760.00 ,4767.00 ,4765.00 ,4813.00 ,4953.00 ,5202.00 ,5538.00 ,5913.00 ,6261.00 ,6533.00 ,6714.00 ,6819.00 ,6859.00 ,6856.00 ,6825.00 ,,
Oman,1812.00 ,491.00 ,1983.00 ,2072.00 ,2148.00 ,2204.00 ,2237.00 ,2250.00 ,2252.00 ,2255.00 ,2268.00 ,2295.00 ,2335.00 ,2386.00 ,2446.00 ,2511.00 ,2581.00 ,2657.00 ,2751.00 ,2876.00 ,3041.00 ,3251.00 ,3498.00 ,3765.00 ,4027.00 ,4267.00 ,4479.00 ,4666.00 ,4829.00 ,4975.00 ,5107.00 ,,
Qatar,476.00 ,492.00 ,495.00 ,501.00 ,507.00 ,513.00 ,523.00 ,535.00 ,552.00 ,570.00 ,592.00 ,615.00 ,641.00 ,682.00 ,753.00 ,865.00 ,1023.00 ,1218.00 ,1437.00 ,1655.00 ,1856.00 ,2036.00 ,2196.00 ,2337.00 ,2459.00 ,2566.00 ,2654.00 ,2725.00 ,2782.00 ,2832.00 ,2881.00 ,,
SaudiArabia,16234.00 ,493.00 ,17283.00 ,17763.00 ,18214.00 ,18639.00 ,19034.00 ,19407.00 ,19783.00 ,20195.00 ,20664.00 ,21203.00 ,21805.00 ,22457.00 ,23133.00 ,23816.00 ,24498.00 ,25185.00 ,25889.00 ,26630.00 ,27421.00 ,28268.00 ,29155.00 ,30052.00 ,30917.00 ,31718.00 ,32443.00 ,33101.00 ,33703.00 ,34269.00 ,34814.00 ,,
StateofPalestine,2101.00 ,494.00 ,2288.00 ,2391.00 ,2502.00 ,2619.00 ,2743.00 ,2872.00 ,3001.00 ,3120.00 ,3224.00 ,3310.00 ,3380.00 ,3442.00 ,3505.00 ,3578.00 ,3662.00 ,3756.00 ,3857.00 ,3958.00 ,4056.00 ,4150.00 ,4242.00 ,4334.00 ,4429.00 ,4529.00 ,4636.00 ,4747.00 ,4863.00 ,4981.00 ,5101.00 ,,
SyrianArabRepublic,12446.00 ,495.00 ,13188.00 ,13565.00 ,13950.00 ,14345.00 ,14754.00 ,15175.00 ,15600.00 ,16014.00 ,16411.00 ,16767.00 ,17085.00 ,17415.00 ,17828.00 ,18361.00 ,19059.00 ,19878.00 ,20664.00 ,21206.00 ,21363.00 ,21082.00 ,20439.00 ,19578.00 ,18711.00 ,17997.00 ,17466.00 ,17096.00 ,16945.00 ,17070.00 ,17501.00 ,,
Turkey,53922.00 ,496.00 ,55749.00 ,56654.00 ,57564.00 ,58486.00 ,59423.00 ,60373.00 ,61330.00 ,62287.00 ,63240.00 ,64192.00 ,65145.00 ,66089.00 ,67011.00 ,67903.00 ,68757.00 ,69582.00 ,70419.00 ,71321.00 ,72327.00 ,73443.00 ,74651.00 ,75925.00 ,77229.00 ,78529.00 ,79828.00 ,81116.00 ,82340.00 ,83430.00 ,84339.00 ,,
UnitedArabEmirates,1828.00 ,497.00 ,2053.00 ,2173.00 ,2294.00 ,2415.00 ,2539.00 ,2671.00 ,2813.00 ,2966.00 ,3134.00 ,3303.00 ,3479.00 ,3712.00 ,4069.00 ,4588.00 ,5300.00 ,6169.00 ,7089.00 ,7917.00 ,8550.00 ,8947.00 ,9142.00 ,9198.00 ,9214.00 ,9263.00 ,9361.00 ,9487.00 ,9631.00 ,9771.00 ,9890.00 ,,
Yemen,11710.00 ,498.00 ,12954.00 ,13634.00 ,14298.00 ,14913.00 ,15469.00 ,15976.00 ,16450.00 ,16921.00 ,17409.00 ,17918.00 ,18444.00 ,18985.00 ,19540.00 ,20107.00 ,20688.00 ,21283.00 ,21892.00 ,22516.00 ,23155.00 ,23808.00 ,24473.00 ,25147.00 ,25823.00 ,26498.00 ,27168.00 ,27835.00 ,28499.00 ,29162.00 ,29826.00 ,,
Kazakhstan,16384.00 ,499.00 ,16303.00 ,16181.00 ,16022.00 ,15839.00 ,15632.00 ,15406.00 ,15190.00 ,15021.00 ,14923.00 ,14910.00 ,14976.00 ,15100.00 ,15250.00 ,15403.00 ,15551.00 ,15702.00 ,15862.00 ,16043.00 ,16252.00 ,16491.00 ,16752.00 ,17026.00 ,17303.00 ,17572.00 ,17831.00 ,18080.00 ,18320.00 ,18551.00 ,18777.00 ,,
Kyrgyzstan,4373.00 ,500.00 ,4454.00 ,4484.00 ,4519.00 ,4566.00 ,4629.00 ,4706.00 ,4787.00 ,4861.00 ,4921.00 ,4963.00 ,4991.00 ,5014.00 ,5039.00 ,5075.00 ,5124.00 ,5184.00 ,5255.00 ,5335.00 ,5422.00 ,5518.00 ,5622.00 ,5731.00 ,5845.00 ,5959.00 ,6074.00 ,6190.00 ,6304.00 ,6416.00 ,6524.00 ,,
Tajikistan,5284.00 ,501.00 ,5502.00 ,5593.00 ,5679.00 ,5765.00 ,5851.00 ,5938.00 ,6027.00 ,6120.00 ,6216.00 ,6319.00 ,6427.00 ,6542.00 ,6662.00 ,6789.00 ,6923.00 ,7063.00 ,7210.00 ,7365.00 ,7527.00 ,7698.00 ,7875.00 ,8060.00 ,8253.00 ,8454.00 ,8664.00 ,8880.00 ,9101.00 ,9321.00 ,9538.00 ,,
Turkmenistan,3684.00 ,502.00 ,3900.00 ,4011.00 ,4115.00 ,4208.00 ,4287.00 ,4355.00 ,4413.00 ,4466.00 ,4516.00 ,4564.00 ,4610.00 ,4656.00 ,4703.00 ,4755.00 ,4810.00 ,4870.00 ,4936.00 ,5008.00 ,5087.00 ,5174.00 ,5268.00 ,5366.00 ,5466.00 ,5565.00 ,5662.00 ,5758.00 ,5851.00 ,5942.00 ,6031.00 ,,
Uzbekistan,20398.00 ,503.00 ,21375.00 ,21862.00 ,22336.00 ,22791.00 ,23225.00 ,23640.00 ,24036.00 ,24412.00 ,24770.00 ,25109.00 ,25431.00 ,25749.00 ,26078.00 ,26428.00 ,26804.00 ,27205.00 ,27627.00 ,28065.00 ,28516.00 ,28977.00 ,29449.00 ,29933.00 ,30426.00 ,30930.00 ,31442.00 ,31960.00 ,32476.00 ,32982.00 ,33469.00 ,,
Afghanistan,12412.00 ,504.00 ,14486.00 ,15817.00 ,17076.00 ,18111.00 ,18853.00 ,19357.00 ,19738.00 ,20171.00 ,20780.00 ,21607.00 ,22601.00 ,23681.00 ,24727.00 ,25654.00 ,26433.00 ,27101.00 ,27722.00 ,28395.00 ,29186.00 ,30117.00 ,31161.00 ,32270.00 ,33371.00 ,34414.00 ,35383.00 ,36296.00 ,37172.00 ,38042.00 ,38928.00 ,,
Bangladesh,103172.00 ,505.00 ,107984.00 ,110351.00 ,112738.00 ,115170.00 ,117650.00 ,120161.00 ,122683.00 ,125190.00 ,127658.00 ,130089.00 ,132478.00 ,134792.00 ,136986.00 ,139036.00 ,140921.00 ,142660.00 ,144304.00 ,145925.00 ,147575.00 ,149273.00 ,151006.00 ,152761.00 ,154517.00 ,156256.00 ,157977.00 ,159685.00 ,161377.00 ,163046.00 ,164689.00 ,,
Bhutan,531.00 ,506.00 ,535.00 ,533.00 ,532.00 ,535.00 ,541.00 ,552.00 ,564.00 ,578.00 ,591.00 ,604.00 ,616.00 ,628.00 ,639.00 ,649.00 ,657.00 ,665.00 ,672.00 ,678.00 ,686.00 ,693.00 ,702.00 ,710.00 ,719.00 ,728.00 ,737.00 ,746.00 ,754.00 ,763.00 ,772.00 ,,
India,873278.00 ,507.00 ,909307.00 ,927404.00 ,945602.00 ,963923.00 ,982365.00 ,1000900.00 ,1019484.00 ,1038058.00 ,1056576.00 ,1075000.00 ,1093317.00 ,1111523.00 ,1129623.00 ,1147610.00 ,1165486.00 ,1183209.00 ,1200670.00 ,1217726.00 ,1234281.00 ,1250288.00 ,1265780.00 ,1280842.00 ,1295601.00 ,1310152.00 ,1324517.00 ,1338677.00 ,1352642.00 ,1366418.00 ,1380004.00 ,,
Iran(IslamicRepublicof),56366.00 ,508.00 ,58780.00 ,59724.00 ,60591.00 ,61443.00 ,62295.00 ,63136.00 ,63972.00 ,64801.00 ,65623.00 ,66449.00 ,67285.00 ,68123.00 ,68951.00 ,69762.00 ,70555.00 ,71336.00 ,72121.00 ,72925.00 ,73763.00 ,74635.00 ,75540.00 ,76482.00 ,77466.00 ,78492.00 ,79564.00 ,80674.00 ,81800.00 ,82914.00 ,83993.00 ,,
Maldives,223.00 ,509.00 ,236.00 ,243.00 ,249.00 ,254.00 ,259.00 ,264.00 ,268.00 ,274.00 ,279.00 ,286.00 ,294.00 ,303.00 ,311.00 ,320.00 ,327.00 ,335.00 ,343.00 ,353.00 ,366.00 ,380.00 ,397.00 ,416.00 ,435.00 ,455.00 ,476.00 ,496.00 ,516.00 ,531.00 ,541.00 ,,
Nepal,18905.00 ,510.00 ,19938.00 ,20490.00 ,21041.00 ,21576.00 ,22090.00 ,22585.00 ,23058.00 ,23510.00 ,23941.00 ,24347.00 ,24726.00 ,25081.00 ,25419.00 ,25745.00 ,26067.00 ,26383.00 ,26667.00 ,26884.00 ,27013.00 ,27041.00 ,26989.00 ,26917.00 ,26906.00 ,27015.00 ,27263.00 ,27633.00 ,28096.00 ,28609.00 ,29137.00 ,,
Pakistan,107648.00 ,511.00 ,113911.00 ,117087.00 ,120363.00 ,123777.00 ,127349.00 ,131057.00 ,134843.00 ,138625.00 ,142344.00 ,145978.00 ,149550.00 ,153093.00 ,156665.00 ,160304.00 ,164023.00 ,167808.00 ,171649.00 ,175526.00 ,179425.00 ,183340.00 ,187280.00 ,191261.00 ,195305.00 ,199427.00 ,203631.00 ,207906.00 ,212228.00 ,216565.00 ,220892.00 ,,
SriLanka,17326.00 ,512.00 ,17737.00 ,17925.00 ,18094.00 ,18243.00 ,18367.00 ,18471.00 ,18565.00 ,18663.00 ,18778.00 ,18912.00 ,19062.00 ,19224.00 ,19387.00 ,19545.00 ,19696.00 ,19842.00 ,19984.00 ,20124.00 ,20262.00 ,20398.00 ,20533.00 ,20663.00 ,20789.00 ,20908.00 ,21021.00 ,21128.00 ,21229.00 ,21324.00 ,21413.00 ,,
China,1176884.00 ,513.00 ,1206711.00 ,1218817.00 ,1230020.00 ,1240921.00 ,1251636.00 ,1261996.00 ,1271982.00 ,1281515.00 ,1290551.00 ,1299130.00 ,1307352.00 ,1315304.00 ,1323085.00 ,1330776.00 ,1338409.00 ,1345994.00 ,1353569.00 ,1361169.00 ,1368811.00 ,1376498.00 ,1384206.00 ,1391883.00 ,1399454.00 ,1406848.00 ,1414049.00 ,1421022.00 ,1427648.00 ,1433784.00 ,1439324.00 ,,
"China,HongKongSAR",5728.00 ,514.00 ,5865.00 ,5928.00 ,6000.00 ,6084.00 ,6186.00 ,6300.00 ,6417.00 ,6522.00 ,6606.00 ,6665.00 ,6702.00 ,6725.00 ,6745.00 ,6770.00 ,6802.00 ,6840.00 ,6882.00 ,6925.00 ,6966.00 ,7007.00 ,7047.00 ,7089.00 ,7135.00 ,7186.00 ,7244.00 ,7306.00 ,7372.00 ,7436.00 ,7497.00 ,,
"China,MacaoSAR",344.00 ,515.00 ,362.00 ,370.00 ,378.00 ,386.00 ,393.00 ,401.00 ,410.00 ,418.00 ,428.00 ,438.00 ,449.00 ,460.00 ,472.00 ,483.00 ,494.00 ,505.00 ,515.00 ,526.00 ,538.00 ,551.00 ,564.00 ,577.00 ,590.00 ,602.00 ,613.00 ,623.00 ,632.00 ,640.00 ,649.00 ,,
"China,TaiwanProvinceofChina",20479.00 ,516.00 ,20868.00 ,21045.00 ,21207.00 ,21356.00 ,21489.00 ,21608.00 ,21722.00 ,21839.00 ,21967.00 ,22109.00 ,22262.00 ,22420.00 ,22570.00 ,22706.00 ,22824.00 ,22927.00 ,23019.00 ,23105.00 ,23188.00 ,23269.00 ,23347.00 ,23422.00 ,23492.00 ,23557.00 ,23618.00 ,23675.00 ,23726.00 ,23774.00 ,23817.00 ,,
Dem.People'sRepublicofKorea,20293.00 ,517.00 ,20937.00 ,21266.00 ,21578.00 ,21862.00 ,22113.00 ,22335.00 ,22537.00 ,22731.00 ,22929.00 ,23133.00 ,23339.00 ,23542.00 ,23733.00 ,23904.00 ,24055.00 ,24188.00 ,24310.00 ,24428.00 ,24549.00 ,24673.00 ,24801.00 ,24930.00 ,25058.00 ,25184.00 ,25308.00 ,25430.00 ,25550.00 ,25666.00 ,25779.00 ,,
Japan,124505.00 ,518.00 ,125331.00 ,125707.00 ,126053.00 ,126365.00 ,126644.00 ,126893.00 ,127117.00 ,127326.00 ,127524.00 ,127714.00 ,127893.00 ,128058.00 ,128204.00 ,128326.00 ,128423.00 ,128494.00 ,128539.00 ,128555.00 ,128542.00 ,128499.00 ,128424.00 ,128314.00 ,128169.00 ,127985.00 ,127763.00 ,127503.00 ,127202.00 ,126860.00 ,126476.00 ,,
Mongolia,2184.00 ,519.00 ,2243.00 ,2263.00 ,2280.00 ,2298.00 ,2317.00 ,2336.00 ,2356.00 ,2376.00 ,2397.00 ,2420.00 ,2443.00 ,2469.00 ,2496.00 ,2526.00 ,2559.00 ,2594.00 ,2632.00 ,2674.00 ,2720.00 ,2770.00 ,2825.00 ,2882.00 ,2940.00 ,2998.00 ,3056.00 ,3114.00 ,3170.00 ,3225.00 ,3278.00 ,,
RepublicofKorea,42918.00 ,520.00 ,43848.00 ,44335.00 ,44820.00 ,45293.00 ,45751.00 ,46196.00 ,46621.00 ,47017.00 ,47379.00 ,47706.00 ,48000.00 ,48261.00 ,48493.00 ,48701.00 ,48880.00 ,49035.00 ,49182.00 ,49347.00 ,49546.00 ,49786.00 ,50061.00 ,50346.00 ,50608.00 ,50823.00 ,50983.00 ,51096.00 ,51172.00 ,51225.00 ,51269.00 ,,
BruneiDarussalam,259.00 ,521.00 ,274.00 ,282.00 ,289.00 ,297.00 ,305.00 ,312.00 ,319.00 ,326.00 ,333.00 ,340.00 ,347.00 ,353.00 ,359.00 ,365.00 ,370.00 ,375.00 ,379.00 ,384.00 ,389.00 ,394.00 ,399.00 ,404.00 ,410.00 ,415.00 ,420.00 ,424.00 ,429.00 ,433.00 ,437.00 ,,
Cambodia,8976.00 ,522.00 ,9624.00 ,9971.00 ,10318.00 ,10656.00 ,10983.00 ,11299.00 ,11601.00 ,11886.00 ,12155.00 ,12405.00 ,12638.00 ,12856.00 ,13066.00 ,13273.00 ,13478.00 ,13680.00 ,13884.00 ,14094.00 ,14312.00 ,14541.00 ,14780.00 ,15026.00 ,15275.00 ,15521.00 ,15766.00 ,16009.00 ,16250.00 ,16487.00 ,16719.00 ,,
Indonesia,181413.00 ,523.00 ,187740.00 ,190851.00 ,193917.00 ,196934.00 ,199901.00 ,202826.00 ,205725.00 ,208615.00 ,211514.00 ,214427.00 ,217358.00 ,220309.00 ,223286.00 ,226289.00 ,229318.00 ,232374.00 ,235470.00 ,238621.00 ,241834.00 ,245116.00 ,248452.00 ,251805.00 ,255128.00 ,258383.00 ,261556.00 ,264651.00 ,267671.00 ,270626.00 ,273524.00 ,,
LaoPeople'sDemocraticRepublic,4258.00 ,524.00 ,4500.00 ,4620.00 ,4736.00 ,4846.00 ,4951.00 ,5050.00 ,5145.00 ,5235.00 ,5324.00 ,5410.00 ,5493.00 ,5577.00 ,5662.00 ,5752.00 ,5846.00 ,5945.00 ,6047.00 ,6149.00 ,6249.00 ,6348.00 ,6445.00 ,6541.00 ,6640.00 ,6741.00 ,6846.00 ,6953.00 ,7061.00 ,7169.00 ,7276.00 ,,
Malaysia,18030.00 ,525.00 ,19003.00 ,19485.00 ,19978.00 ,20488.00 ,21018.00 ,21563.00 ,22115.00 ,22661.00 ,23194.00 ,23709.00 ,24208.00 ,24699.00 ,25191.00 ,25691.00 ,26202.00 ,26720.00 ,27236.00 ,27735.00 ,28208.00 ,28651.00 ,29068.00 ,29469.00 ,29867.00 ,30271.00 ,30685.00 ,31105.00 ,31528.00 ,31950.00 ,32366.00 ,,
Myanmar,41335.00 ,526.00 ,42402.00 ,42890.00 ,43383.00 ,43902.00 ,44452.00 ,45027.00 ,45611.00 ,46181.00 ,46720.00 ,47225.00 ,47702.00 ,48149.00 ,48564.00 ,48950.00 ,49301.00 ,49621.00 ,49930.00 ,50250.00 ,50601.00 ,50991.00 ,51414.00 ,51852.00 ,52281.00 ,52681.00 ,53045.00 ,53383.00 ,53708.00 ,54045.00 ,54410.00 ,,
Philippines,61895.00 ,527.00 ,65020.00 ,66594.00 ,68181.00 ,69784.00 ,71402.00 ,73031.00 ,74672.00 ,76326.00 ,77992.00 ,79673.00 ,81365.00 ,83052.00 ,84711.00 ,86326.00 ,87889.00 ,89405.00 ,90902.00 ,92414.00 ,93967.00 ,95570.00 ,97213.00 ,98872.00 ,100513.00 ,102113.00 ,103664.00 ,105173.00 ,106651.00 ,108117.00 ,109581.00 ,,
Singapore,3013.00 ,528.00 ,3200.00 ,3306.00 ,3416.00 ,3526.00 ,3638.00 ,3752.00 ,3861.00 ,3955.00 ,4029.00 ,4077.00 ,4104.00 ,4129.00 ,4177.00 ,4266.00 ,4402.00 ,4579.00 ,4776.00 ,4967.00 ,5131.00 ,5264.00 ,5369.00 ,5454.00 ,5526.00 ,5592.00 ,5654.00 ,5708.00 ,5758.00 ,5804.00 ,5850.00 ,,
Thailand,56558.00 ,529.00 ,57811.00 ,58338.00 ,58875.00 ,59467.00 ,60130.00 ,60847.00 ,61585.00 ,62299.00 ,62953.00 ,63539.00 ,64069.00 ,64550.00 ,64995.00 ,65416.00 ,65813.00 ,66182.00 ,66531.00 ,66867.00 ,67195.00 ,67518.00 ,67836.00 ,68145.00 ,68439.00 ,68715.00 ,68971.00 ,69210.00 ,69428.00 ,69626.00 ,69800.00 ,,
Timor-Leste,738.00 ,530.00 ,783.00 ,807.00 ,828.00 ,844.00 ,855.00 ,862.00 ,867.00 ,873.00 ,884.00 ,901.00 ,923.00 ,947.00 ,972.00 ,995.00 ,1016.00 ,1036.00 ,1055.00 ,1074.00 ,1094.00 ,1113.00 ,1133.00 ,1153.00 ,1174.00 ,1196.00 ,1219.00 ,1243.00 ,1268.00 ,1293.00 ,1318.00 ,,
VietNam,67989.00 ,531.00 ,70883.00 ,72300.00 ,73651.00 ,74910.00 ,76069.00 ,77133.00 ,78116.00 ,79036.00 ,79910.00 ,80743.00 ,81534.00 ,82302.00 ,83063.00 ,83833.00 ,84618.00 ,85420.00 ,86243.00 ,87092.00 ,87968.00 ,88871.00 ,89802.00 ,90753.00 ,91714.00 ,92677.00 ,93640.00 ,94601.00 ,95546.00 ,96462.00 ,97339.00 ,,
Anguilla,9.00 ,532.00 ,9.00 ,9.00 ,10.00 ,10.00 ,10.00 ,10.00 ,11.00 ,11.00 ,11.00 ,12.00 ,12.00 ,12.00 ,12.00 ,12.00 ,13.00 ,13.00 ,13.00 ,13.00 ,13.00 ,14.00 ,14.00 ,14.00 ,14.00 ,14.00 ,14.00 ,15.00 ,15.00 ,15.00 ,15.00 ,,
AntiguaandBarbuda,63.00 ,533.00 ,64.00 ,66.00 ,67.00 ,69.00 ,70.00 ,72.00 ,73.00 ,75.00 ,76.00 ,77.00 ,78.00 ,79.00 ,80.00 ,81.00 ,83.00 ,84.00 ,85.00 ,87.00 ,88.00 ,89.00 ,90.00 ,92.00 ,93.00 ,94.00 ,95.00 ,95.00 ,96.00 ,97.00 ,98.00 ,,
Aruba,62.00 ,534.00 ,68.00 ,72.00 ,77.00 ,80.00 ,83.00 ,85.00 ,87.00 ,89.00 ,91.00 ,93.00 ,95.00 ,97.00 ,99.00 ,100.00 ,101.00 ,101.00 ,101.00 ,101.00 ,102.00 ,102.00 ,103.00 ,103.00 ,104.00 ,104.00 ,105.00 ,105.00 ,106.00 ,106.00 ,107.00 ,,
Bahamas,256.00 ,535.00 ,266.00 ,271.00 ,276.00 ,280.00 ,284.00 ,287.00 ,291.00 ,294.00 ,298.00 ,303.00 ,308.00 ,313.00 ,319.00 ,325.00 ,331.00 ,337.00 ,344.00 ,350.00 ,355.00 ,360.00 ,364.00 ,367.00 ,371.00 ,374.00 ,378.00 ,382.00 ,386.00 ,389.00 ,393.00 ,,
Barbados,261.00 ,536.00 ,263.00 ,264.00 ,265.00 ,266.00 ,267.00 ,268.00 ,269.00 ,270.00 ,272.00 ,272.00 ,273.00 ,274.00 ,275.00 ,276.00 ,277.00 ,279.00 ,280.00 ,281.00 ,282.00 ,283.00 ,284.00 ,284.00 ,285.00 ,285.00 ,286.00 ,286.00 ,287.00 ,287.00 ,287.00 ,,
"Bonaire,SintEustatiusandSaba",13.00 ,537.00 ,14.00 ,14.00 ,15.00 ,15.00 ,15.00 ,15.00 ,15.00 ,15.00 ,14.00 ,14.00 ,14.00 ,14.00 ,14.00 ,14.00 ,15.00 ,17.00 ,18.00 ,20.00 ,21.00 ,22.00 ,23.00 ,24.00 ,24.00 ,25.00 ,25.00 ,25.00 ,26.00 ,26.00 ,26.00 ,,
BritishVirginIslands,17.00 ,538.00 ,18.00 ,19.00 ,19.00 ,19.00 ,20.00 ,20.00 ,20.00 ,20.00 ,20.00 ,21.00 ,21.00 ,22.00 ,22.00 ,23.00 ,24.00 ,25.00 ,26.00 ,27.00 ,28.00 ,28.00 ,29.00 ,29.00 ,29.00 ,29.00 ,29.00 ,30.00 ,30.00 ,30.00 ,30.00 ,,
CaymanIslands,25.00 ,539.00 ,28.00 ,29.00 ,31.00 ,32.00 ,34.00 ,36.00 ,38.00 ,40.00 ,42.00 ,44.00 ,45.00 ,47.00 ,48.00 ,49.00 ,51.00 ,52.00 ,54.00 ,55.00 ,57.00 ,58.00 ,59.00 ,60.00 ,61.00 ,62.00 ,63.00 ,63.00 ,64.00 ,65.00 ,66.00 ,,
Cuba,10597.00 ,540.00 ,10736.00 ,10789.00 ,10838.00 ,10888.00 ,10939.00 ,10990.00 ,11039.00 ,11085.00 ,11126.00 ,11165.00 ,11200.00 ,11229.00 ,11250.00 ,11262.00 ,11261.00 ,11251.00 ,11237.00 ,11227.00 ,11226.00 ,11237.00 ,11257.00 ,11283.00 ,11307.00 ,11325.00 ,11335.00 ,11339.00 ,11338.00 ,11333.00 ,11327.00 ,,
Cura?ao,147.00 ,541.00 ,146.00 ,146.00 ,145.00 ,144.00 ,142.00 ,140.00 ,137.00 ,134.00 ,132.00 ,130.00 ,129.00 ,128.00 ,129.00 ,130.00 ,133.00 ,137.00 ,141.00 ,145.00 ,149.00 ,152.00 ,155.00 ,157.00 ,158.00 ,160.00 ,161.00 ,162.00 ,163.00 ,163.00 ,164.00 ,,
Dominica,70.00 ,542.00 ,71.00 ,71.00 ,71.00 ,71.00 ,71.00 ,71.00 ,70.00 ,70.00 ,70.00 ,70.00 ,70.00 ,70.00 ,70.00 ,71.00 ,71.00 ,71.00 ,71.00 ,71.00 ,71.00 ,71.00 ,71.00 ,71.00 ,71.00 ,71.00 ,71.00 ,71.00 ,72.00 ,72.00 ,72.00 ,,
DominicanRepublic,7133.00 ,543.00 ,7408.00 ,7546.00 ,7684.00 ,7819.00 ,7953.00 ,8084.00 ,8214.00 ,8343.00 ,8471.00 ,8599.00 ,8725.00 ,8850.00 ,8974.00 ,9097.00 ,9219.00 ,9339.00 ,9458.00 ,9577.00 ,9695.00 ,9813.00 ,9931.00 ,10048.00 ,10165.00 ,10282.00 ,10398.00 ,10513.00 ,10627.00 ,10739.00 ,10848.00 ,,
Grenada,96.00 ,544.00 ,97.00 ,98.00 ,99.00 ,100.00 ,101.00 ,102.00 ,102.00 ,102.00 ,103.00 ,103.00 ,104.00 ,104.00 ,104.00 ,105.00 ,105.00 ,105.00 ,105.00 ,106.00 ,106.00 ,107.00 ,107.00 ,108.00 ,109.00 ,110.00 ,110.00 ,111.00 ,111.00 ,112.00 ,113.00 ,,
Guadeloupe,389.00 ,545.00 ,398.00 ,399.00 ,401.00 ,404.00 ,408.00 ,413.00 ,418.00 ,421.00 ,422.00 ,420.00 ,416.00 ,411.00 ,406.00 ,403.00 ,402.00 ,402.00 ,404.00 ,405.00 ,406.00 ,406.00 ,404.00 ,403.00 ,401.00 ,400.00 ,400.00 ,400.00 ,400.00 ,400.00 ,400.00 ,,
Haiti,7038.00 ,546.00 ,7319.00 ,7461.00 ,7602.00 ,7745.00 ,7887.00 ,8031.00 ,8175.00 ,8319.00 ,8464.00 ,8609.00 ,8754.00 ,8900.00 ,9047.00 ,9195.00 ,9345.00 ,9495.00 ,9647.00 ,9798.00 ,9949.00 ,10100.00 ,10251.00 ,10401.00 ,10549.00 ,10696.00 ,10840.00 ,10982.00 ,11123.00 ,11263.00 ,11403.00 ,,
Jamaica,2420.00 ,547.00 ,2461.00 ,2485.00 ,2509.00 ,2534.00 ,2559.00 ,2584.00 ,2609.00 ,2633.00 ,2655.00 ,2675.00 ,2693.00 ,2709.00 ,2725.00 ,2740.00 ,2754.00 ,2768.00 ,2782.00 ,2796.00 ,2810.00 ,2826.00 ,2842.00 ,2859.00 ,2875.00 ,2891.00 ,2906.00 ,2921.00 ,2935.00 ,2948.00 ,2961.00 ,,
Martinique,358.00 ,548.00 ,363.00 ,364.00 ,366.00 ,369.00 ,372.00 ,376.00 ,380.00 ,384.00 ,387.00 ,390.00 ,393.00 ,395.00 ,396.00 ,397.00 ,398.00 ,398.00 ,398.00 ,397.00 ,395.00 ,392.00 ,388.00 ,385.00 ,381.00 ,378.00 ,377.00 ,376.00 ,376.00 ,376.00 ,375.00 ,,
Montserrat,11.00 ,549.00 ,11.00 ,11.00 ,10.00 ,10.00 ,9.00 ,8.00 ,7.00 ,6.00 ,5.00 ,5.00 ,4.00 ,5.00 ,5.00 ,5.00 ,5.00 ,5.00 ,5.00 ,5.00 ,5.00 ,5.00 ,5.00 ,5.00 ,5.00 ,5.00 ,5.00 ,5.00 ,5.00 ,5.00 ,5.00 ,,
PuertoRico,3403.00 ,550.00 ,3469.00 ,3503.00 ,3537.00 ,3568.00 ,3596.00 ,3622.00 ,3644.00 ,3660.00 ,3669.00 ,3670.00 ,3664.00 ,3654.00 ,3642.00 ,3632.00 ,3624.00 ,3616.00 ,3608.00 ,3597.00 ,3580.00 ,3560.00 ,3537.00 ,3504.00 ,3454.00 ,3382.00 ,3283.00 ,3164.00 ,3040.00 ,2933.00 ,2861.00 ,,
SaintBarthélemy,5.00 ,551.00 ,6.00 ,6.00 ,6.00 ,6.00 ,7.00 ,7.00 ,7.00 ,7.00 ,7.00 ,8.00 ,8.00 ,8.00 ,8.00 ,9.00 ,9.00 ,9.00 ,9.00 ,9.00 ,9.00 ,9.00 ,9.00 ,10.00 ,10.00 ,10.00 ,10.00 ,10.00 ,10.00 ,10.00 ,10.00 ,,
SaintKittsandNevis,40.00 ,552.00 ,41.00 ,41.00 ,42.00 ,42.00 ,42.00 ,43.00 ,43.00 ,44.00 ,44.00 ,45.00 ,45.00 ,46.00 ,46.00 ,47.00 ,47.00 ,48.00 ,48.00 ,49.00 ,49.00 ,49.00 ,50.00 ,50.00 ,51.00 ,51.00 ,52.00 ,52.00 ,52.00 ,53.00 ,53.00 ,,
SaintLucia,138.00 ,553.00 ,142.00 ,143.00 ,145.00 ,147.00 ,149.00 ,151.00 ,153.00 ,155.00 ,157.00 ,158.00 ,159.00 ,161.00 ,162.00 ,163.00 ,165.00 ,168.00 ,170.00 ,172.00 ,174.00 ,176.00 ,177.00 ,178.00 ,178.00 ,179.00 ,180.00 ,181.00 ,182.00 ,183.00 ,184.00 ,,
SaintMartin(Frenchpart),32.00 ,554.00 ,32.00 ,30.00 ,28.00 ,27.00 ,27.00 ,27.00 ,27.00 ,28.00 ,29.00 ,30.00 ,31.00 ,32.00 ,33.00 ,34.00 ,35.00 ,36.00 ,37.00 ,37.00 ,38.00 ,37.00 ,37.00 ,36.00 ,36.00 ,36.00 ,36.00 ,37.00 ,37.00 ,38.00 ,39.00 ,,
SaintVincentandtheGrenadines,107.00 ,555.00 ,108.00 ,108.00 ,108.00 ,108.00 ,108.00 ,108.00 ,108.00 ,108.00 ,108.00 ,108.00 ,108.00 ,108.00 ,109.00 ,109.00 ,109.00 ,109.00 ,108.00 ,108.00 ,108.00 ,108.00 ,108.00 ,109.00 ,109.00 ,109.00 ,109.00 ,110.00 ,110.00 ,111.00 ,111.00 ,,
SintMaarten(Dutchpart),29.00 ,556.00 ,30.00 ,31.00 ,31.00 ,31.00 ,31.00 ,32.00 ,32.00 ,32.00 ,33.00 ,33.00 ,33.00 ,33.00 ,33.00 ,33.00 ,33.00 ,33.00 ,33.00 ,34.00 ,34.00 ,35.00 ,36.00 ,38.00 ,39.00 ,40.00 ,41.00 ,41.00 ,42.00 ,42.00 ,43.00 ,,
TrinidadandTobago,1221.00 ,557.00 ,1237.00 ,1244.00 ,1250.00 ,1254.00 ,1258.00 ,1260.00 ,1262.00 ,1264.00 ,1267.00 ,1272.00 ,1277.00 ,1284.00 ,1290.00 ,1296.00 ,1303.00 ,1308.00 ,1314.00 ,1321.00 ,1328.00 ,1336.00 ,1345.00 ,1354.00 ,1362.00 ,1370.00 ,1378.00 ,1384.00 ,1390.00 ,1395.00 ,1399.00 ,,
TurksandCaicosIslands,12.00 ,558.00 ,14.00 ,15.00 ,15.00 ,16.00 ,17.00 ,18.00 ,18.00 ,19.00 ,20.00 ,22.00 ,23.00 ,25.00 ,27.00 ,28.00 ,29.00 ,30.00 ,31.00 ,32.00 ,33.00 ,33.00 ,34.00 ,35.00 ,35.00 ,36.00 ,37.00 ,37.00 ,38.00 ,38.00 ,39.00 ,,
UnitedStatesVirginIslands,104.00 ,559.00 ,105.00 ,106.00 ,107.00 ,107.00 ,108.00 ,108.00 ,109.00 ,109.00 ,109.00 ,109.00 ,109.00 ,108.00 ,108.00 ,108.00 ,107.00 ,107.00 ,107.00 ,106.00 ,106.00 ,106.00 ,106.00 ,105.00 ,105.00 ,105.00 ,105.00 ,105.00 ,105.00 ,105.00 ,104.00 ,,
Belize,188.00 ,560.00 ,194.00 ,198.00 ,202.00 ,207.00 ,214.00 ,222.00 ,230.00 ,239.00 ,247.00 ,255.00 ,262.00 ,269.00 ,277.00 ,284.00 ,291.00 ,299.00 ,307.00 ,315.00 ,322.00 ,330.00 ,338.00 ,346.00 ,353.00 ,361.00 ,368.00 ,376.00 ,383.00 ,390.00 ,398.00 ,,
CostaRica,3119.00 ,561.00 ,3287.00 ,3372.00 ,3459.00 ,3546.00 ,3632.00 ,3719.00 ,3804.00 ,3885.00 ,3962.00 ,4034.00 ,4101.00 ,4164.00 ,4225.00 ,4286.00 ,4345.00 ,4405.00 ,4463.00 ,4521.00 ,4577.00 ,4633.00 ,4688.00 ,4742.00 ,4795.00 ,4848.00 ,4899.00 ,4950.00 ,4999.00 ,5048.00 ,5094.00 ,,
ElSalvador,5270.00 ,562.00 ,5416.00 ,5490.00 ,5562.00 ,5629.00 ,5690.00 ,5746.00 ,5798.00 ,5845.00 ,5888.00 ,5927.00 ,5962.00 ,5994.00 ,6024.00 ,6052.00 ,6079.00 ,6106.00 ,6132.00 ,6158.00 ,6184.00 ,6211.00 ,6238.00 ,6266.00 ,6295.00 ,6325.00 ,6356.00 ,6388.00 ,6421.00 ,6454.00 ,6486.00 ,,
Guatemala,9264.00 ,563.00 ,9709.00 ,9939.00 ,10172.00 ,10408.00 ,10647.00 ,10888.00 ,11134.00 ,11387.00 ,11651.00 ,11925.00 ,12209.00 ,12500.00 ,12797.00 ,13096.00 ,13397.00 ,13700.00 ,14006.00 ,14316.00 ,14630.00 ,14949.00 ,15271.00 ,15596.00 ,15923.00 ,16252.00 ,16583.00 ,16915.00 ,17248.00 ,17581.00 ,17916.00 ,,
Honduras,4955.00 ,564.00 ,5245.00 ,5394.00 ,5549.00 ,5709.00 ,5875.00 ,6046.00 ,6220.00 ,6397.00 ,6575.00 ,6752.00 ,6929.00 ,7106.00 ,7283.00 ,7459.00 ,7634.00 ,7809.00 ,7981.00 ,8151.00 ,8317.00 ,8481.00 ,8641.00 ,8799.00 ,8956.00 ,9113.00 ,9271.00 ,9429.00 ,9588.00 ,9746.00 ,9905.00 ,,
Mexico,83943.00 ,565.00 ,87075.00 ,88625.00 ,90156.00 ,91663.00 ,93147.00 ,94611.00 ,96056.00 ,97485.00 ,98900.00 ,100298.00 ,101685.00 ,103081.00 ,104515.00 ,106005.00 ,107560.00 ,109171.00 ,110815.00 ,112464.00 ,114093.00 ,115695.00 ,117274.00 ,118827.00 ,120355.00 ,121858.00 ,123333.00 ,124777.00 ,126191.00 ,127576.00 ,128933.00 ,,
Nicaragua,4173.00 ,566.00 ,4365.00 ,4462.00 ,4559.00 ,4652.00 ,4742.00 ,4828.00 ,4911.00 ,4991.00 ,5069.00 ,5145.00 ,5219.00 ,5292.00 ,5365.00 ,5439.00 ,5514.00 ,5590.00 ,5667.00 ,5746.00 ,5824.00 ,5903.00 ,5983.00 ,6062.00 ,6143.00 ,6223.00 ,6304.00 ,6385.00 ,6466.00 ,6546.00 ,6625.00 ,,
Panama,2471.00 ,567.00 ,2576.00 ,2630.00 ,2684.00 ,2740.00 ,2796.00 ,2854.00 ,2912.00 ,2971.00 ,3030.00 ,3090.00 ,3149.00 ,3209.00 ,3269.00 ,3330.00 ,3392.00 ,3454.00 ,3516.00 ,3579.00 ,3643.00 ,3706.00 ,3771.00 ,3835.00 ,3901.00 ,3968.00 ,4037.00 ,4107.00 ,4177.00 ,4246.00 ,4315.00 ,,
Argentina,32619.00 ,568.00 ,33529.00 ,33970.00 ,34403.00 ,34828.00 ,35246.00 ,35657.00 ,36063.00 ,36467.00 ,36871.00 ,37276.00 ,37682.00 ,38088.00 ,38492.00 ,38893.00 ,39290.00 ,39684.00 ,40080.00 ,40483.00 ,40896.00 ,41320.00 ,41755.00 ,42196.00 ,42638.00 ,43075.00 ,43508.00 ,43937.00 ,44361.00 ,44781.00 ,45196.00 ,,
Bolivia(PlurinationalStateof),6865.00 ,569.00 ,7161.00 ,7313.00 ,7467.00 ,7622.00 ,7779.00 ,7937.00 ,8097.00 ,8257.00 ,8418.00 ,8580.00 ,8743.00 ,8906.00 ,9069.00 ,9232.00 ,9395.00 ,9558.00 ,9721.00 ,9885.00 ,10049.00 ,10213.00 ,10378.00 ,10542.00 ,10707.00 ,10870.00 ,11032.00 ,11193.00 ,11353.00 ,11513.00 ,11673.00 ,,
Brazil,149003.00 ,570.00 ,154259.00 ,156849.00 ,159433.00 ,162020.00 ,164615.00 ,167209.00 ,169785.00 ,172319.00 ,174790.00 ,177196.00 ,179538.00 ,181809.00 ,184006.00 ,186127.00 ,188167.00 ,190130.00 ,192030.00 ,193887.00 ,195714.00 ,197515.00 ,199287.00 ,201036.00 ,202764.00 ,204472.00 ,206163.00 ,207834.00 ,209469.00 ,211050.00 ,212559.00 ,,
Chile,13275.00 ,571.00 ,13720.00 ,13945.00 ,14166.00 ,14381.00 ,14587.00 ,14786.00 ,14978.00 ,15163.00 ,15342.00 ,15516.00 ,15684.00 ,15850.00 ,16015.00 ,16183.00 ,16355.00 ,16530.00 ,16708.00 ,16886.00 ,17063.00 ,17234.00 ,17400.00 ,17572.00 ,17759.00 ,17969.00 ,18209.00 ,18470.00 ,18729.00 ,18952.00 ,19116.00 ,,
Colombia,33103.00 ,572.00 ,34423.00 ,35091.00 ,35759.00 ,36421.00 ,37076.00 ,37724.00 ,38364.00 ,38999.00 ,39630.00 ,40256.00 ,40875.00 ,41484.00 ,42076.00 ,42648.00 ,43201.00 ,43738.00 ,44255.00 ,44750.00 ,45223.00 ,45663.00 ,46076.00 ,46495.00 ,46968.00 ,47521.00 ,48175.00 ,48910.00 ,49661.00 ,50339.00 ,50883.00 ,,
Ecuador,10231.00 ,573.00 ,10716.00 ,10961.00 ,11208.00 ,11455.00 ,11703.00 ,11951.00 ,12198.00 ,12442.00 ,12681.00 ,12915.00 ,13143.00 ,13370.00 ,13596.00 ,13826.00 ,14059.00 ,14297.00 ,14536.00 ,14774.00 ,15011.00 ,15244.00 ,15474.00 ,15707.00 ,15952.00 ,16212.00 ,16491.00 ,16785.00 ,17084.00 ,17374.00 ,17643.00 ,,
FalklandIslands(Malvinas),2.00 ,574.00 ,2.00 ,2.00 ,2.00 ,3.00 ,3.00 ,3.00 ,3.00 ,3.00 ,3.00 ,3.00 ,3.00 ,3.00 ,3.00 ,3.00 ,3.00 ,3.00 ,3.00 ,3.00 ,3.00 ,3.00 ,3.00 ,3.00 ,3.00 ,3.00 ,3.00 ,3.00 ,3.00 ,3.00 ,3.00 ,,
FrenchGuiana,116.00 ,575.00 ,125.00 ,129.00 ,133.00 ,137.00 ,142.00 ,146.00 ,151.00 ,157.00 ,163.00 ,170.00 ,179.00 ,187.00 ,195.00 ,203.00 ,210.00 ,216.00 ,222.00 ,228.00 ,233.00 ,238.00 ,244.00 ,249.00 ,255.00 ,261.00 ,268.00 ,275.00 ,283.00 ,291.00 ,299.00 ,,
Guyana,743.00 ,576.00 ,749.00 ,754.00 ,759.00 ,761.00 ,761.00 ,758.00 ,754.00 ,750.00 ,747.00 ,745.00 ,745.00 ,745.00 ,746.00 ,746.00 ,746.00 ,746.00 ,747.00 ,748.00 ,749.00 ,752.00 ,755.00 ,759.00 ,763.00 ,767.00 ,771.00 ,775.00 ,779.00 ,783.00 ,787.00 ,,
Paraguay,4223.00 ,577.00 ,4445.00 ,4556.00 ,4666.00 ,4777.00 ,4888.00 ,4998.00 ,5108.00 ,5216.00 ,5323.00 ,5428.00 ,5532.00 ,5633.00 ,5731.00 ,5824.00 ,5913.00 ,5998.00 ,6081.00 ,6164.00 ,6248.00 ,6334.00 ,6422.00 ,6510.00 ,6600.00 ,6689.00 ,6778.00 ,6867.00 ,6956.00 ,7045.00 ,7133.00 ,,
Peru,22071.00 ,578.00 ,22967.00 ,23408.00 ,23851.00 ,24299.00 ,24754.00 ,25211.00 ,25658.00 ,26078.00 ,26460.00 ,26799.00 ,27101.00 ,27372.00 ,27624.00 ,27866.00 ,28102.00 ,28333.00 ,28562.00 ,28793.00 ,29028.00 ,29264.00 ,29507.00 ,29774.00 ,30090.00 ,30471.00 ,30926.00 ,31444.00 ,31989.00 ,32510.00 ,32972.00 ,,
Suriname,405.00 ,579.00 ,421.00 ,428.00 ,435.00 ,442.00 ,448.00 ,454.00 ,460.00 ,465.00 ,471.00 ,477.00 ,482.00 ,488.00 ,494.00 ,499.00 ,505.00 ,511.00 ,517.00 ,523.00 ,529.00 ,535.00 ,541.00 ,547.00 ,553.00 ,559.00 ,565.00 ,571.00 ,576.00 ,581.00 ,587.00 ,,
Uruguay,3110.00 ,580.00 ,3154.00 ,3178.00 ,3201.00 ,3224.00 ,3247.00 ,3270.00 ,3291.00 ,3308.00 ,3320.00 ,3325.00 ,3326.00 ,3324.00 ,3321.00 ,3322.00 ,3325.00 ,3332.00 ,3340.00 ,3350.00 ,3359.00 ,3369.00 ,3379.00 ,3389.00 ,3400.00 ,3412.00 ,3424.00 ,3437.00 ,3449.00 ,3462.00 ,3474.00 ,,
Venezuela(BolivarianRepublicof),19633.00 ,581.00 ,20558.00 ,21017.00 ,21475.00 ,21931.00 ,22386.00 ,22838.00 ,23289.00 ,23740.00 ,24192.00 ,24646.00 ,25100.00 ,25552.00 ,25997.00 ,26432.00 ,26850.00 ,27248.00 ,27636.00 ,28031.00 ,28440.00 ,28888.00 ,29361.00 ,29781.00 ,30043.00 ,30082.00 ,29851.00 ,29402.00 ,28887.00 ,28516.00 ,28436.00 ,,
Australia,16961.00 ,582.00 ,17402.00 ,17603.00 ,17799.00 ,17993.00 ,18189.00 ,18387.00 ,18587.00 ,18788.00 ,18991.00 ,19195.00 ,19401.00 ,19624.00 ,19880.00 ,20179.00 ,20526.00 ,20916.00 ,21332.00 ,21751.00 ,22155.00 ,22538.00 ,22904.00 ,23255.00 ,23596.00 ,23932.00 ,24263.00 ,24585.00 ,24898.00 ,25203.00 ,25500.00 ,,
NewZealand,3398.00 ,583.00 ,3503.00 ,3564.00 ,3623.00 ,3675.00 ,3717.00 ,3752.00 ,3784.00 ,3818.00 ,3859.00 ,3908.00 ,3963.00 ,4022.00 ,4080.00 ,4135.00 ,4186.00 ,4233.00 ,4278.00 ,4323.00 ,4370.00 ,4419.00 ,4468.00 ,4519.00 ,4568.00 ,4615.00 ,4659.00 ,4702.00 ,4743.00 ,4783.00 ,4822.00 ,,
Fiji,729.00 ,584.00 ,744.00 ,755.00 ,766.00 ,775.00 ,784.00 ,793.00 ,800.00 ,806.00 ,811.00 ,814.00 ,815.00 ,816.00 ,818.00 ,822.00 ,828.00 ,836.00 ,845.00 ,854.00 ,860.00 ,863.00 ,865.00 ,866.00 ,866.00 ,869.00 ,872.00 ,877.00 ,883.00 ,890.00 ,896.00 ,,
NewCaledonia,170.00 ,585.00 ,179.00 ,183.00 ,188.00 ,193.00 ,198.00 ,203.00 ,208.00 ,213.00 ,217.00 ,221.00 ,225.00 ,229.00 ,233.00 ,236.00 ,240.00 ,243.00 ,247.00 ,250.00 ,254.00 ,257.00 ,261.00 ,264.00 ,268.00 ,271.00 ,274.00 ,277.00 ,280.00 ,283.00 ,285.00 ,,
PapuaNewGuinea,4616.00 ,586.00 ,4836.00 ,4949.00 ,5066.00 ,5187.00 ,5314.00 ,5447.00 ,5582.00 ,5716.00 ,5848.00 ,5975.00 ,6099.00 ,6223.00 ,6354.00 ,6495.00 ,6647.00 ,6809.00 ,6976.00 ,7145.00 ,7311.00 ,7472.00 ,7631.00 ,7788.00 ,7947.00 ,8108.00 ,8272.00 ,8438.00 ,8606.00 ,8776.00 ,8947.00 ,,
SolomonIslands,312.00 ,587.00 ,330.00 ,340.00 ,349.00 ,359.00 ,370.00 ,380.00 ,391.00 ,402.00 ,413.00 ,424.00 ,435.00 ,447.00 ,459.00 ,470.00 ,481.00 ,492.00 ,503.00 ,515.00 ,528.00 ,542.00 ,556.00 ,571.00 ,587.00 ,603.00 ,619.00 ,636.00 ,653.00 ,670.00 ,687.00 ,,
Vanuatu,147.00 ,588.00 ,155.00 ,160.00 ,164.00 ,168.00 ,172.00 ,175.00 ,178.00 ,181.00 ,185.00 ,189.00 ,194.00 ,199.00 ,204.00 ,209.00 ,214.00 ,219.00 ,225.00 ,230.00 ,236.00 ,243.00 ,250.00 ,257.00 ,264.00 ,271.00 ,278.00 ,285.00 ,293.00 ,300.00 ,307.00 ,,
Guam,130.00 ,589.00 ,137.00 ,140.00 ,143.00 ,146.00 ,148.00 ,150.00 ,152.00 ,154.00 ,155.00 ,156.00 ,157.00 ,158.00 ,158.00 ,158.00 ,159.00 ,159.00 ,159.00 ,159.00 ,159.00 ,160.00 ,160.00 ,160.00 ,161.00 ,162.00 ,163.00 ,164.00 ,166.00 ,167.00 ,169.00 ,,
Kiribati,72.00 ,590.00 ,75.00 ,76.00 ,77.00 ,78.00 ,79.00 ,80.00 ,82.00 ,83.00 ,84.00 ,86.00 ,87.00 ,89.00 ,90.00 ,92.00 ,94.00 ,97.00 ,99.00 ,101.00 ,103.00 ,105.00 ,106.00 ,108.00 ,109.00 ,111.00 ,113.00 ,114.00 ,116.00 ,118.00 ,119.00 ,,
MarshallIslands,47.00 ,591.00 ,49.00 ,50.00 ,50.00 ,50.00 ,51.00 ,50.00 ,50.00 ,50.00 ,51.00 ,51.00 ,52.00 ,53.00 ,54.00 ,55.00 ,56.00 ,56.00 ,56.00 ,56.00 ,56.00 ,57.00 ,57.00 ,57.00 ,57.00 ,57.00 ,58.00 ,58.00 ,58.00 ,59.00 ,59.00 ,,
Micronesia(Fed.Statesof),96.00 ,592.00 ,101.00 ,104.00 ,106.00 ,108.00 ,108.00 ,108.00 ,108.00 ,108.00 ,107.00 ,107.00 ,107.00 ,107.00 ,107.00 ,106.00 ,105.00 ,104.00 ,104.00 ,103.00 ,103.00 ,103.00 ,105.00 ,106.00 ,107.00 ,109.00 ,110.00 ,111.00 ,113.00 ,114.00 ,115.00 ,,
Nauru,10.00 ,593.00 ,10.00 ,10.00 ,10.00 ,11.00 ,11.00 ,11.00 ,11.00 ,10.00 ,10.00 ,10.00 ,10.00 ,10.00 ,10.00 ,10.00 ,10.00 ,10.00 ,10.00 ,10.00 ,10.00 ,10.00 ,10.00 ,10.00 ,10.00 ,10.00 ,10.00 ,11.00 ,11.00 ,11.00 ,11.00 ,,
NorthernMarianaIslands,46.00 ,594.00 ,46.00 ,46.00 ,45.00 ,46.00 ,48.00 ,50.00 ,53.00 ,56.00 ,57.00 ,58.00 ,58.00 ,58.00 ,57.00 ,57.00 ,56.00 ,55.00 ,55.00 ,54.00 ,54.00 ,54.00 ,54.00 ,55.00 ,55.00 ,56.00 ,56.00 ,57.00 ,57.00 ,57.00 ,58.00 ,,
Palau,15.00 ,595.00 ,16.00 ,16.00 ,17.00 ,17.00 ,18.00 ,18.00 ,18.00 ,19.00 ,19.00 ,19.00 ,20.00 ,20.00 ,20.00 ,20.00 ,20.00 ,19.00 ,19.00 ,18.00 ,18.00 ,18.00 ,18.00 ,18.00 ,18.00 ,18.00 ,18.00 ,18.00 ,18.00 ,18.00 ,18.00 ,,
AmericanSamoa,47.00 ,596.00 ,50.00 ,51.00 ,52.00 ,53.00 ,54.00 ,55.00 ,56.00 ,57.00 ,58.00 ,58.00 ,59.00 ,59.00 ,60.00 ,60.00 ,59.00 ,58.00 ,57.00 ,57.00 ,56.00 ,56.00 ,56.00 ,56.00 ,56.00 ,56.00 ,56.00 ,56.00 ,55.00 ,55.00 ,55.00 ,,
CookIslands,18.00 ,597.00 ,19.00 ,19.00 ,19.00 ,19.00 ,19.00 ,19.00 ,18.00 ,18.00 ,18.00 ,18.00 ,18.00 ,19.00 ,19.00 ,19.00 ,19.00 ,19.00 ,19.00 ,19.00 ,18.00 ,18.00 ,18.00 ,18.00 ,18.00 ,18.00 ,18.00 ,18.00 ,18.00 ,18.00 ,18.00 ,,
FrenchPolynesia,200.00 ,598.00 ,207.00 ,211.00 ,214.00 ,218.00 ,222.00 ,227.00 ,232.00 ,236.00 ,241.00 ,245.00 ,249.00 ,253.00 ,256.00 ,259.00 ,261.00 ,263.00 ,264.00 ,265.00 ,266.00 ,268.00 ,269.00 ,270.00 ,272.00 ,273.00 ,275.00 ,276.00 ,278.00 ,279.00 ,281.00 ,,
Niue,2.00 ,599.00 ,2.00 ,2.00 ,2.00 ,2.00 ,2.00 ,2.00 ,2.00 ,2.00 ,2.00 ,2.00 ,2.00 ,2.00 ,2.00 ,2.00 ,2.00 ,2.00 ,2.00 ,2.00 ,2.00 ,2.00 ,2.00 ,2.00 ,2.00 ,2.00 ,2.00 ,2.00 ,2.00 ,2.00 ,2.00 ,,
Samoa,163.00 ,600.00 ,165.00 ,167.00 ,169.00 ,170.00 ,171.00 ,172.00 ,173.00 ,174.00 ,174.00 ,175.00 ,176.00 ,177.00 ,179.00 ,180.00 ,181.00 ,182.00 ,183.00 ,185.00 ,186.00 ,187.00 ,189.00 ,191.00 ,192.00 ,194.00 ,195.00 ,195.00 ,196.00 ,197.00 ,198.00 ,,
Tokelau,2.00 ,601.00 ,2.00 ,2.00 ,2.00 ,2.00 ,2.00 ,2.00 ,2.00 ,2.00 ,2.00 ,2.00 ,1.00 ,1.00 ,1.00 ,1.00 ,1.00 ,1.00 ,1.00 ,1.00 ,1.00 ,1.00 ,1.00 ,1.00 ,1.00 ,1.00 ,1.00 ,1.00 ,1.00 ,1.00 ,1.00 ,,
Tonga,95.00 ,602.00 ,95.00 ,96.00 ,96.00 ,96.00 ,96.00 ,97.00 ,97.00 ,97.00 ,98.00 ,98.00 ,99.00 ,100.00 ,100.00 ,101.00 ,102.00 ,103.00 ,103.00 ,104.00 ,104.00 ,104.00 ,103.00 ,102.00 ,101.00 ,101.00 ,101.00 ,102.00 ,103.00 ,104.00 ,106.00 ,,
Tuvalu,9.00 ,603.00 ,9.00 ,9.00 ,9.00 ,9.00 ,9.00 ,9.00 ,9.00 ,9.00 ,9.00 ,9.00 ,10.00 ,10.00 ,10.00 ,10.00 ,10.00 ,10.00 ,10.00 ,10.00 ,11.00 ,11.00 ,11.00 ,11.00 ,11.00 ,11.00 ,11.00 ,11.00 ,12.00 ,12.00 ,12.00 ,,
WallisandFutunaIslands,14.00 ,604.00 ,14.00 ,14.00 ,14.00 ,14.00 ,14.00 ,14.00 ,14.00 ,15.00 ,15.00 ,15.00 ,15.00 ,15.00 ,15.00 ,15.00 ,15.00 ,14.00 ,14.00 ,13.00 ,13.00 ,12.00 ,12.00 ,12.00 ,12.00 ,12.00 ,12.00 ,12.00 ,12.00 ,11.00 ,11.00 ,,
Belarus,10151.00 ,605.00 ,10154.00 ,10135.00 ,10108.00 ,10078.00 ,10045.00 ,10009.00 ,9970.00 ,9924.00 ,9872.00 ,9811.00 ,9746.00 ,9679.00 ,9617.00 ,9562.00 ,9517.00 ,9481.00 ,9453.00 ,9433.00 ,9421.00 ,9415.00 ,9417.00 ,9424.00 ,9432.00 ,9439.00 ,9446.00 ,9450.00 ,9453.00 ,9452.00 ,9449.00 ,,
Bulgaria,8841.00 ,606.00 ,8676.00 ,8576.00 ,8475.00 ,8379.00 ,8292.00 ,8212.00 ,8138.00 ,8067.00 ,7998.00 ,7931.00 ,7866.00 ,7804.00 ,7745.00 ,7687.00 ,7631.00 ,7577.00 ,7524.00 ,7474.00 ,7425.00 ,7379.00 ,7334.00 ,7290.00 ,7246.00 ,7200.00 ,7152.00 ,7102.00 ,7052.00 ,7000.00 ,6948.00 ,,
Czechia,10341.00 ,607.00 ,10353.00 ,10359.00 ,10361.00 ,10358.00 ,10350.00 ,10338.00 ,10323.00 ,10306.00 ,10289.00 ,10271.00 ,10252.00 ,10239.00 ,10239.00 ,10258.00 ,10299.00 ,10358.00 ,10425.00 ,10488.00 ,10537.00 ,10567.00 ,10581.00 ,10587.00 ,10591.00 ,10601.00 ,10619.00 ,10641.00 ,10666.00 ,10689.00 ,10709.00 ,,
Hungary,10377.00 ,608.00 ,10359.00 ,10359.00 ,10358.00 ,10349.00 ,10332.00 ,10308.00 ,10280.00 ,10249.00 ,10221.00 ,10193.00 ,10167.00 ,10141.00 ,10114.00 ,10086.00 ,10056.00 ,10024.00 ,9992.00 ,9959.00 ,9927.00 ,9896.00 ,9864.00 ,9834.00 ,9805.00 ,9778.00 ,9753.00 ,9730.00 ,9708.00 ,9685.00 ,9660.00 ,,
Poland,37960.00 ,609.00 ,38198.00 ,38301.00 ,38389.00 ,38459.00 ,38510.00 ,38545.00 ,38564.00 ,38568.00 ,38557.00 ,38530.00 ,38489.00 ,38442.00 ,38400.00 ,38369.00 ,38354.00 ,38353.00 ,38357.00 ,38352.00 ,38330.00 ,38287.00 ,38227.00 ,38158.00 ,38091.00 ,38034.00 ,37989.00 ,37953.00 ,37922.00 ,37888.00 ,37847.00 ,,
RepublicofMoldova,4366.00 ,610.00 ,4377.00 ,4371.00 ,4359.00 ,4341.00 ,4316.00 ,4286.00 ,4255.00 ,4226.00 ,4203.00 ,4187.00 ,4178.00 ,4173.00 ,4168.00 ,4159.00 ,4146.00 ,4130.00 ,4113.00 ,4098.00 ,4086.00 ,4079.00 ,4076.00 ,4075.00 ,4073.00 ,4071.00 ,4066.00 ,4060.00 ,4052.00 ,4043.00 ,4034.00 ,,
Romania,23489.00 ,611.00 ,23376.00 ,23257.00 ,23116.00 ,22965.00 ,22806.00 ,22638.00 ,22466.00 ,22298.00 ,22137.00 ,21989.00 ,21853.00 ,21720.00 ,21578.00 ,21417.00 ,21234.00 ,21034.00 ,20830.00 ,20638.00 ,20472.00 ,20337.00 ,20227.00 ,20133.00 ,20036.00 ,19925.00 ,19796.00 ,19654.00 ,19506.00 ,19365.00 ,19238.00 ,,
RussianFederation,147532.00 ,612.00 ,148269.00 ,148374.00 ,148349.00 ,148227.00 ,148021.00 ,147730.00 ,147361.00 ,146916.00 ,146405.00 ,145831.00 ,145216.00 ,144611.00 ,144081.00 ,143672.00 ,143403.00 ,143266.00 ,143249.00 ,143327.00 ,143479.00 ,143703.00 ,143994.00 ,144325.00 ,144665.00 ,144985.00 ,145275.00 ,145530.00 ,145734.00 ,145872.00 ,145934.00 ,,
Slovakia,5288.00 ,613.00 ,5329.00 ,5347.00 ,5363.00 ,5375.00 ,5385.00 ,5391.00 ,5395.00 ,5398.00 ,5399.00 ,5400.00 ,5400.00 ,5400.00 ,5399.00 ,5399.00 ,5399.00 ,5399.00 ,5399.00 ,5401.00 ,5404.00 ,5409.00 ,5415.00 ,5422.00 ,5429.00 ,5436.00 ,5442.00 ,5448.00 ,5453.00 ,5457.00 ,5460.00 ,,
Ukraine,51463.00 ,614.00 ,51416.00 ,51316.00 ,51148.00 ,50904.00 ,50580.00 ,50187.00 ,49747.00 ,49289.00 ,48838.00 ,48402.00 ,47980.00 ,47582.00 ,47217.00 ,46891.00 ,46607.00 ,46366.00 ,46159.00 ,45971.00 ,45792.00 ,45620.00 ,45454.00 ,45287.00 ,45112.00 ,44922.00 ,44714.00 ,44488.00 ,44246.00 ,43994.00 ,43734.00 ,,
ChannelIslands,141.00 ,615.00 ,142.00 ,142.00 ,143.00 ,143.00 ,144.00 ,145.00 ,147.00 ,148.00 ,148.00 ,149.00 ,150.00 ,150.00 ,151.00 ,152.00 ,153.00 ,155.00 ,156.00 ,158.00 ,160.00 ,161.00 ,162.00 ,163.00 ,164.00 ,165.00 ,167.00 ,169.00 ,170.00 ,172.00 ,174.00 ,,
Denmark,5141.00 ,616.00 ,5172.00 ,5191.00 ,5211.00 ,5233.00 ,5255.00 ,5278.00 ,5300.00 ,5322.00 ,5341.00 ,5358.00 ,5373.00 ,5387.00 ,5403.00 ,5422.00 ,5444.00 ,5470.00 ,5498.00 ,5526.00 ,5555.00 ,5583.00 ,5611.00 ,5638.00 ,5664.00 ,5689.00 ,5711.00 ,5732.00 ,5752.00 ,5772.00 ,5792.00 ,,
Estonia,1565.00 ,617.00 ,1521.00 ,1488.00 ,1457.00 ,1433.00 ,1418.00 ,1410.00 ,1406.00 ,1404.00 ,1399.00 ,1392.00 ,1383.00 ,1373.00 ,1364.00 ,1356.00 ,1349.00 ,1344.00 ,1340.00 ,1336.00 ,1332.00 ,1328.00 ,1323.00 ,1319.00 ,1316.00 ,1315.00 ,1317.00 ,1319.00 ,1323.00 ,1326.00 ,1327.00 ,,
FaroeIslands,47.00 ,618.00 ,47.00 ,46.00 ,46.00 ,46.00 ,46.00 ,46.00 ,46.00 ,46.00 ,47.00 ,47.00 ,47.00 ,47.00 ,48.00 ,48.00 ,48.00 ,48.00 ,48.00 ,48.00 ,48.00 ,48.00 ,48.00 ,48.00 ,48.00 ,48.00 ,48.00 ,48.00 ,48.00 ,49.00 ,49.00 ,,
Finland,4996.00 ,619.00 ,5045.00 ,5072.00 ,5097.00 ,5119.00 ,5137.00 ,5152.00 ,5164.00 ,5176.00 ,5188.00 ,5200.00 ,5213.00 ,5227.00 ,5242.00 ,5259.00 ,5277.00 ,5298.00 ,5319.00 ,5342.00 ,5366.00 ,5390.00 ,5415.00 ,5439.00 ,5461.00 ,5481.00 ,5498.00 ,5511.00 ,5523.00 ,5532.00 ,5541.00 ,,
Iceland,255.00 ,620.00 ,260.00 ,263.00 ,265.00 ,268.00 ,270.00 ,273.00 ,275.00 ,278.00 ,280.00 ,283.00 ,285.00 ,288.00 ,291.00 ,295.00 ,300.00 ,305.00 ,311.00 ,316.00 ,320.00 ,323.00 ,326.00 ,327.00 ,329.00 ,330.00 ,332.00 ,334.00 ,337.00 ,339.00 ,341.00 ,,
Ireland,3511.00 ,621.00 ,3530.00 ,3547.00 ,3568.00 ,3592.00 ,3620.00 ,3651.00 ,3688.00 ,3731.00 ,3783.00 ,3842.00 ,3908.00 ,3980.00 ,4058.00 ,4141.00 ,4231.00 ,4325.00 ,4416.00 ,4495.00 ,4554.00 ,4591.00 ,4608.00 ,4615.00 ,4627.00 ,4652.00 ,4696.00 ,4753.00 ,4819.00 ,4882.00 ,4938.00 ,,
IsleofMan,70.00 ,622.00 ,71.00 ,71.00 ,72.00 ,72.00 ,73.00 ,74.00 ,75.00 ,76.00 ,77.00 ,78.00 ,78.00 ,79.00 ,80.00 ,80.00 ,81.00 ,82.00 ,84.00 ,84.00 ,85.00 ,85.00 ,85.00 ,84.00 ,83.00 ,83.00 ,83.00 ,84.00 ,84.00 ,85.00 ,85.00 ,,
Latvia,2664.00 ,623.00 ,2620.00 ,2583.00 ,2544.00 ,2508.00 ,2479.00 ,2453.00 ,2431.00 ,2408.00 ,2384.00 ,2359.00 ,2333.00 ,2306.00 ,2279.00 ,2252.00 ,2225.00 ,2198.00 ,2171.00 ,2145.00 ,2119.00 ,2094.00 ,2069.00 ,2045.00 ,2021.00 ,1998.00 ,1974.00 ,1951.00 ,1928.00 ,1907.00 ,1886.00 ,,
Lithuania,3696.00 ,624.00 ,3688.00 ,3671.00 ,3649.00 ,3627.00 ,3604.00 ,3580.00 ,3555.00 ,3529.00 ,3502.00 ,3474.00 ,3445.00 ,3414.00 ,3381.00 ,3344.00 ,3303.00 ,3259.00 ,3213.00 ,3167.00 ,3124.00 ,3083.00 ,3046.00 ,3009.00 ,2971.00 ,2932.00 ,2890.00 ,2845.00 ,2801.00 ,2760.00 ,2722.00 ,,
Norway,4247.00 ,625.00 ,4293.00 ,4317.00 ,4342.00 ,4367.00 ,4393.00 ,4420.00 ,4447.00 ,4474.00 ,4499.00 ,4523.00 ,4546.00 ,4570.00 ,4598.00 ,4632.00 ,4673.00 ,4719.00 ,4771.00 ,4827.00 ,4886.00 ,4948.00 ,5014.00 ,5079.00 ,5142.00 ,5200.00 ,5251.00 ,5296.00 ,5338.00 ,5379.00 ,5421.00 ,,
Sweden,8567.00 ,626.00 ,8687.00 ,8747.00 ,8798.00 ,8836.00 ,8859.00 ,8869.00 ,8871.00 ,8873.00 ,8882.00 ,8898.00 ,8921.00 ,8951.00 ,8991.00 ,9039.00 ,9096.00 ,9163.00 ,9236.00 ,9313.00 ,9390.00 ,9467.00 ,9543.00 ,9618.00 ,9692.00 ,9765.00 ,9836.00 ,9905.00 ,9972.00 ,10036.00 ,10099.00 ,,
UnitedKingdom,57134.00 ,627.00 ,57446.00 ,57602.00 ,57763.00 ,57932.00 ,58114.00 ,58307.00 ,58510.00 ,58716.00 ,58923.00 ,59124.00 ,59326.00 ,59561.00 ,59873.00 ,60288.00 ,60821.00 ,61455.00 ,62145.00 ,62829.00 ,63460.00 ,64022.00 ,64525.00 ,64984.00 ,65423.00 ,65860.00 ,66298.00 ,66727.00 ,67142.00 ,67530.00 ,67886.00 ,,
Albania,3286.00 ,628.00 ,3246.00 ,3195.00 ,3147.00 ,3113.00 ,3099.00 ,3100.00 ,3111.00 ,3123.00 ,3129.00 ,3130.00 ,3126.00 ,3118.00 ,3105.00 ,3087.00 ,3063.00 ,3034.00 ,3003.00 ,2973.00 ,2948.00 ,2929.00 ,2914.00 ,2904.00 ,2896.00 ,2891.00 ,2886.00 ,2884.00 ,2883.00 ,2881.00 ,2878.00 ,,
Andorra,55.00 ,629.00 ,59.00 ,61.00 ,63.00 ,64.00 ,64.00 ,64.00 ,64.00 ,64.00 ,65.00 ,67.00 ,70.00 ,73.00 ,76.00 ,79.00 ,81.00 ,83.00 ,84.00 ,84.00 ,84.00 ,84.00 ,82.00 ,81.00 ,79.00 ,78.00 ,77.00 ,77.00 ,77.00 ,77.00 ,77.00 ,,
BosniaandHerzegovina,4463.00 ,630.00 ,4234.00 ,4079.00 ,3937.00 ,3829.00 ,3764.00 ,3736.00 ,3734.00 ,3743.00 ,3751.00 ,3756.00 ,3759.00 ,3762.00 ,3764.00 ,3765.00 ,3765.00 ,3763.00 ,3754.00 ,3736.00 ,3705.00 ,3661.00 ,3605.00 ,3543.00 ,3482.00 ,3429.00 ,3386.00 ,3352.00 ,3324.00 ,3301.00 ,3281.00 ,,
Croatia,4776.00 ,631.00 ,4733.00 ,4698.00 ,4658.00 ,4617.00 ,4575.00 ,4532.00 ,4492.00 ,4456.00 ,4428.00 ,4408.00 ,4396.00 ,4389.00 ,4384.00 ,4378.00 ,4371.00 ,4362.00 ,4353.00 ,4341.00 ,4328.00 ,4313.00 ,4296.00 ,4277.00 ,4256.00 ,4233.00 ,4209.00 ,4183.00 ,4156.00 ,4130.00 ,4105.00 ,,
Gibraltar,29.00 ,632.00 ,29.00 ,29.00 ,29.00 ,29.00 ,29.00 ,29.00 ,30.00 ,31.00 ,31.00 ,32.00 ,32.00 ,33.00 ,33.00 ,33.00 ,33.00 ,34.00 ,34.00 ,34.00 ,34.00 ,34.00 ,34.00 ,34.00 ,34.00 ,34.00 ,34.00 ,34.00 ,34.00 ,34.00 ,34.00 ,,
Greece,10226.00 ,633.00 ,10420.00 ,10534.00 ,10645.00 ,10746.00 ,10832.00 ,10906.00 ,10970.00 ,11028.00 ,11082.00 ,11134.00 ,11182.00 ,11219.00 ,11235.00 ,11225.00 ,11185.00 ,11120.00 ,11040.00 ,10959.00 ,10888.00 ,10829.00 ,10781.00 ,10741.00 ,10701.00 ,10660.00 ,10615.00 ,10569.00 ,10522.00 ,10473.00 ,10423.00 ,,
HolySee,1.00 ,634.00 ,1.00 ,1.00 ,1.00 ,1.00 ,1.00 ,1.00 ,1.00 ,1.00 ,1.00 ,1.00 ,1.00 ,1.00 ,1.00 ,1.00 ,1.00 ,1.00 ,1.00 ,1.00 ,1.00 ,1.00 ,1.00 ,1.00 ,1.00 ,1.00 ,1.00 ,1.00 ,1.00 ,1.00 ,1.00 ,,
Italy,57048.00 ,635.00 ,57145.00 ,57198.00 ,57214.00 ,57174.00 ,57065.00 ,56904.00 ,56743.00 ,56656.00 ,56692.00 ,56875.00 ,57183.00 ,57565.00 ,57948.00 ,58281.00 ,58543.00 ,58748.00 ,58922.00 ,59106.00 ,59325.00 ,59589.00 ,59879.00 ,60167.00 ,60410.00 ,60578.00 ,60663.00 ,60674.00 ,60627.00 ,60550.00 ,60462.00 ,,
Malta,362.00 ,636.00 ,368.00 ,371.00 ,374.00 ,377.00 ,380.00 ,384.00 ,387.00 ,391.00 ,394.00 ,396.00 ,399.00 ,401.00 ,403.00 ,405.00 ,406.00 ,408.00 ,409.00 ,412.00 ,414.00 ,418.00 ,422.00 ,426.00 ,430.00 ,434.00 ,436.00 ,438.00 ,439.00 ,440.00 ,442.00 ,,
Montenegro,615.00 ,637.00 ,617.00 ,619.00 ,620.00 ,620.00 ,620.00 ,618.00 ,616.00 ,615.00 ,614.00 ,613.00 ,613.00 ,614.00 ,615.00 ,616.00 ,618.00 ,620.00 ,621.00 ,623.00 ,624.00 ,625.00 ,626.00 ,626.00 ,627.00 ,627.00 ,627.00 ,628.00 ,628.00 ,628.00 ,628.00 ,,
NorthMacedonia,1996.00 ,638.00 ,1989.00 ,1984.00 ,1982.00 ,1983.00 ,1989.00 ,2000.00 ,2012.00 ,2024.00 ,2035.00 ,2043.00 ,2049.00 ,2053.00 ,2057.00 ,2060.00 ,2063.00 ,2065.00 ,2067.00 ,2069.00 ,2071.00 ,2072.00 ,2074.00 ,2076.00 ,2078.00 ,2079.00 ,2081.00 ,2082.00 ,2083.00 ,2083.00 ,2083.00 ,,
Portugal,9895.00 ,639.00 ,9951.00 ,9997.00 ,10045.00 ,10091.00 ,10134.00 ,10175.00 ,10214.00 ,10255.00 ,10297.00 ,10341.00 ,10386.00 ,10430.00 ,10471.00 ,10508.00 ,10543.00 ,10573.00 ,10595.00 ,10604.00 ,10596.00 ,10569.00 ,10526.00 ,10473.00 ,10418.00 ,10368.00 ,10326.00 ,10289.00 ,10256.00 ,10226.00 ,10197.00 ,,
SanMarino,24.00 ,640.00 ,25.00 ,25.00 ,26.00 ,26.00 ,26.00 ,27.00 ,27.00 ,27.00 ,27.00 ,28.00 ,28.00 ,29.00 ,29.00 ,29.00 ,30.00 ,30.00 ,30.00 ,31.00 ,31.00 ,32.00 ,32.00 ,33.00 ,33.00 ,33.00 ,34.00 ,34.00 ,34.00 ,34.00 ,34.00 ,,
Serbia,9518.00 ,641.00 ,9701.00 ,9795.00 ,9862.00 ,9884.00 ,9856.00 ,9785.00 ,9685.00 ,9581.00 ,9488.00 ,9411.00 ,9346.00 ,9292.00 ,9243.00 ,9194.00 ,9146.00 ,9101.00 ,9060.00 ,9023.00 ,8991.00 ,8964.00 ,8940.00 ,8919.00 ,8898.00 ,8877.00 ,8854.00 ,8830.00 ,8803.00 ,8772.00 ,8737.00 ,,
Slovenia,2006.00 ,642.00 ,2005.00 ,2001.00 ,1995.00 ,1991.00 ,1989.00 ,1987.00 ,1987.00 ,1988.00 ,1988.00 ,1987.00 ,1987.00 ,1988.00 ,1990.00 ,1995.00 ,2002.00 ,2012.00 ,2023.00 ,2034.00 ,2043.00 ,2051.00 ,2058.00 ,2063.00 ,2067.00 ,2071.00 ,2074.00 ,2076.00 ,2078.00 ,2079.00 ,2079.00 ,,
Spain,39203.00 ,643.00 ,39411.00 ,39534.00 ,39660.00 ,39787.00 ,39909.00 ,40035.00 ,40202.00 ,40454.00 ,40825.00 ,41319.00 ,41920.00 ,42596.00 ,43308.00 ,44019.00 ,44729.00 ,45429.00 ,46069.00 ,46584.00 ,46931.00 ,47084.00 ,47063.00 ,46931.00 ,46778.00 ,46672.00 ,46634.00 ,46647.00 ,46693.00 ,46737.00 ,46755.00 ,,
Austria,7724.00 ,644.00 ,7831.00 ,7892.00 ,7947.00 ,7990.00 ,8018.00 ,8033.00 ,8041.00 ,8051.00 ,8069.00 ,8098.00 ,8134.00 ,8176.00 ,8217.00 ,8254.00 ,8285.00 ,8314.00 ,8342.00 ,8373.00 ,8410.00 ,8454.00 ,8502.00 ,8556.00 ,8615.00 ,8679.00 ,8747.00 ,8820.00 ,8891.00 ,8955.00 ,9006.00 ,,
Belgium,10007.00 ,645.00 ,10078.00 ,10119.00 ,10156.00 ,10186.00 ,10208.00 ,10224.00 ,10237.00 ,10255.00 ,10282.00 ,10319.00 ,10365.00 ,10419.00 ,10480.00 ,10547.00 ,10619.00 ,10698.00 ,10779.00 ,10860.00 ,10939.00 ,11014.00 ,11085.00 ,11154.00 ,11221.00 ,11288.00 ,11354.00 ,11420.00 ,11482.00 ,11539.00 ,11590.00 ,,
France,56667.00 ,646.00 ,57147.00 ,57370.00 ,57587.00 ,57802.00 ,58012.00 ,58221.00 ,58444.00 ,58704.00 ,59015.00 ,59384.00 ,59803.00 ,60252.00 ,60698.00 ,61120.00 ,61509.00 ,61869.00 ,62209.00 ,62543.00 ,62880.00 ,63222.00 ,63564.00 ,63894.00 ,64194.00 ,64453.00 ,64668.00 ,64843.00 ,64991.00 ,65130.00 ,65274.00 ,,
Germany,79054.00 ,647.00 ,79963.00 ,80429.00 ,80833.00 ,81139.00 ,81324.00 ,81399.00 ,81403.00 ,81390.00 ,81401.00 ,81454.00 ,81535.00 ,81614.00 ,81646.00 ,81603.00 ,81472.00 ,81278.00 ,81066.00 ,80900.00 ,80827.00 ,80856.00 ,80973.00 ,81174.00 ,81450.00 ,81787.00 ,82194.00 ,82658.00 ,83124.00 ,83517.00 ,83784.00 ,,
Liechtenstein,29.00 ,648.00 ,30.00 ,30.00 ,30.00 ,31.00 ,31.00 ,32.00 ,32.00 ,33.00 ,33.00 ,34.00 ,34.00 ,34.00 ,34.00 ,35.00 ,35.00 ,35.00 ,35.00 ,36.00 ,36.00 ,36.00 ,37.00 ,37.00 ,37.00 ,37.00 ,38.00 ,38.00 ,38.00 ,38.00 ,38.00 ,,
Luxembourg,382.00 ,649.00 ,391.00 ,397.00 ,402.00 ,408.00 ,414.00 ,420.00 ,426.00 ,431.00 ,436.00 ,440.00 ,444.00 ,447.00 ,452.00 ,458.00 ,466.00 ,475.00 ,485.00 ,497.00 ,508.00 ,519.00 ,531.00 ,543.00 ,555.00 ,567.00 ,579.00 ,592.00 ,604.00 ,616.00 ,626.00 ,,
Monaco,29.00 ,650.00 ,30.00 ,30.00 ,30.00 ,31.00 ,31.00 ,31.00 ,32.00 ,32.00 ,32.00 ,32.00 ,33.00 ,33.00 ,33.00 ,34.00 ,34.00 ,35.00 ,35.00 ,35.00 ,36.00 ,36.00 ,36.00 ,37.00 ,37.00 ,38.00 ,38.00 ,38.00 ,39.00 ,39.00 ,39.00 ,,
Netherlands,14965.00 ,651.00 ,15166.00 ,15268.00 ,15369.00 ,15468.00 ,15563.00 ,15655.00 ,15746.00 ,15836.00 ,15926.00 ,16018.00 ,16110.00 ,16201.00 ,16287.00 ,16367.00 ,16440.00 ,16507.00 ,16568.00 ,16626.00 ,16683.00 ,16738.00 ,16792.00 ,16844.00 ,16893.00 ,16938.00 ,16981.00 ,17021.00 ,17060.00 ,17097.00 ,17135.00 ,,
Switzerland,6653.00 ,652.00 ,6793.00 ,6869.00 ,6938.00 ,6996.00 ,7038.00 ,7069.00 ,7092.00 ,7115.00 ,7144.00 ,7179.00 ,7220.00 ,7268.00 ,7324.00 ,7387.00 ,7458.00 ,7537.00 ,7623.00 ,7714.00 ,7809.00 ,7907.00 ,8008.00 ,8109.00 ,8206.00 ,8297.00 ,8380.00 ,8456.00 ,8526.00 ,8591.00 ,8655.00 ,,
Bermuda,62.00 ,653.00 ,62.00 ,63.00 ,63.00 ,63.00 ,64.00 ,64.00 ,64.00 ,65.00 ,65.00 ,65.00 ,66.00 ,66.00 ,66.00 ,66.00 ,66.00 ,66.00 ,66.00 ,66.00 ,65.00 ,65.00 ,65.00 ,64.00 ,64.00 ,64.00 ,63.00 ,63.00 ,63.00 ,63.00 ,62.00 ,,
Canada,27541.00 ,654.00 ,28224.00 ,28548.00 ,28861.00 ,29164.00 ,29458.00 ,29742.00 ,30022.00 ,30303.00 ,30588.00 ,30880.00 ,31178.00 ,31488.00 ,31815.00 ,32164.00 ,32537.00 ,32931.00 ,33338.00 ,33746.00 ,34148.00 ,34539.00 ,34922.00 ,35297.00 ,35664.00 ,36027.00 ,36383.00 ,36732.00 ,37075.00 ,37411.00 ,37742.00 ,,
Greenland,56.00 ,655.00 ,56.00 ,56.00 ,56.00 ,56.00 ,56.00 ,56.00 ,56.00 ,56.00 ,56.00 ,56.00 ,57.00 ,57.00 ,57.00 ,57.00 ,57.00 ,57.00 ,57.00 ,57.00 ,57.00 ,57.00 ,56.00 ,56.00 ,56.00 ,56.00 ,56.00 ,56.00 ,57.00 ,57.00 ,57.00 ,,
SaintPierreandMiquelon,6.00 ,656.00 ,6.00 ,6.00 ,6.00 ,6.00 ,6.00 ,6.00 ,6.00 ,6.00 ,6.00 ,6.00 ,6.00 ,6.00 ,6.00 ,6.00 ,6.00 ,6.00 ,6.00 ,6.00 ,6.00 ,6.00 ,6.00 ,6.00 ,6.00 ,6.00 ,6.00 ,6.00 ,6.00 ,6.00 ,6.00 ,,
UnitedStatesofAmerica,252120.00 ,657.00 ,256991.00 ,259532.00 ,262241.00 ,265164.00 ,268335.00 ,271714.00 ,275175.00 ,278548.00 ,281711.00 ,284608.00 ,287279.00 ,289816.00 ,292355.00 ,294994.00 ,297759.00 ,300608.00 ,303486.00 ,306308.00 ,309011.00 ,311584.00 ,314044.00 ,316401.00 ,318673.00 ,320878.00 ,323016.00 ,325085.00 ,327096.00 ,329065.00 ,331003.00 ,,
